[2026-09-21T15:04:25.295Z] Extension activating. WorkspaceFolders found: ["/Users/jaffar/Projects/Sanad"]
[2026-09-21T15:04:25.296Z] runFullScan started
[2026-09-21T15:04:25.296Z] Discovering files...
[2026-09-21T15:04:25.968Z] Scan complete: 0 files found, 0 cached, 0 freshly parsed, 671ms
[2026-09-21T15:04:25.968Z] runPostScanAnalysis started. Current nodes count: 0
[2026-09-21T15:04:25.984Z] No active DependencyGraphPanel webview open.
[2026-09-21T15:04:25.984Z] runFullScan finished
[2026-09-21T15:21:37.987Z] runPostScanAnalysis started. Current nodes count: 1
[2026-09-21T15:21:37.991Z] No active DependencyGraphPanel webview open.
[2026-09-21T15:21:45.955Z] runPostScanAnalysis started. Current nodes count: 2
[2026-09-21T15:21:45.956Z] No active DependencyGraphPanel webview open.
[2026-09-21T15:21:53.704Z] runPostScanAnalysis started. Current nodes count: 3
[2026-09-21T15:21:53.706Z] No active DependencyGraphPanel webview open.
[2026-09-21T15:22:07.344Z] runPostScanAnalysis started. Current nodes count: 4
[2026-09-21T15:22:07.346Z] No active DependencyGraphPanel webview open.
[2026-09-21T15:22:36.907Z] runPostScanAnalysis started. Current nodes count: 5
[2026-09-21T15:22:36.909Z] No active DependencyGraphPanel webview open.
[2026-09-21T15:22:46.675Z] runPostScanAnalysis started. Current nodes count: 6
[2026-09-21T15:22:46.678Z] No active DependencyGraphPanel webview open.
[2026-09-21T15:23:03.709Z] runPostScanAnalysis started. Current nodes count: 7
[2026-09-21T15:23:03.711Z] No active DependencyGraphPanel webview open.
[2026-09-21T15:23:15.118Z] runPostScanAnalysis started. Current nodes count: 7
[2026-09-21T15:23:15.119Z] No active DependencyGraphPanel webview open.
[2026-09-21T15:23:29.686Z] runPostScanAnalysis started. Current nodes count: 8
[2026-09-21T15:23:29.688Z] No active DependencyGraphPanel webview open.
[2026-09-21T15:23:33.942Z] runPostScanAnalysis started. Current nodes count: 8
[2026-09-21T15:23:33.945Z] No active DependencyGraphPanel webview open.
[2026-09-21T15:23:42.332Z] runPostScanAnalysis started. Current nodes count: 9
[2026-09-21T15:23:42.335Z] No active DependencyGraphPanel webview open.
[2026-09-21T15:23:54.830Z] runPostScanAnalysis started. Current nodes count: 10
[2026-09-21T15:23:54.833Z] No active DependencyGraphPanel webview open.
[2026-09-21T15:24:06.906Z] runPostScanAnalysis started. Current nodes count: 11
[2026-09-21T15:24:06.911Z] No active DependencyGraphPanel webview open.
[2026-09-21T15:24:23.474Z] runPostScanAnalysis started. Current nodes count: 12
[2026-09-21T15:24:23.477Z] No active DependencyGraphPanel webview open.
[2026-09-21T15:24:39.451Z] runPostScanAnalysis started. Current nodes count: 13
[2026-09-21T15:24:39.454Z] No active DependencyGraphPanel webview open.
[2026-09-21T15:24:46.614Z] runPostScanAnalysis started. Current nodes count: 13
[2026-09-21T15:24:46.617Z] No active DependencyGraphPanel webview open.
[2026-09-21T15:24:55.964Z] runPostScanAnalysis started. Current nodes count: 14
[2026-09-21T15:24:55.966Z] No active DependencyGraphPanel webview open.
[2026-09-21T15:25:07.961Z] runPostScanAnalysis started. Current nodes count: 15
[2026-09-21T15:25:07.965Z] No active DependencyGraphPanel webview open.
[2026-09-21T15:25:15.791Z] runPostScanAnalysis started. Current nodes count: 16
[2026-09-21T15:25:15.794Z] No active DependencyGraphPanel webview open.
[2026-09-21T15:25:23.181Z] runPostScanAnalysis started. Current nodes count: 17
[2026-09-21T15:25:23.185Z] No active DependencyGraphPanel webview open.
[2026-09-21T15:25:49.479Z] runPostScanAnalysis started. Current nodes count: 18
[2026-09-21T15:25:49.484Z] No active DependencyGraphPanel webview open.
[2026-09-21T15:26:06.095Z] runPostScanAnalysis started. Current nodes count: 19
[2026-09-21T15:26:06.100Z] No active DependencyGraphPanel webview open.
[2026-09-21T15:26:35.495Z] runPostScanAnalysis started. Current nodes count: 20
[2026-09-21T15:26:35.498Z] No active DependencyGraphPanel webview open.
[2026-09-21T15:26:57.961Z] runPostScanAnalysis started. Current nodes count: 21
[2026-09-21T15:26:57.963Z] No active DependencyGraphPanel webview open.
[2026-09-21T15:27:11.612Z] runPostScanAnalysis started. Current nodes count: 22
[2026-09-21T15:27:11.614Z] No active DependencyGraphPanel webview open.
[2026-09-21T15:27:23.542Z] runPostScanAnalysis started. Current nodes count: 23
[2026-09-21T15:27:23.546Z] No active DependencyGraphPanel webview open.
[2026-09-21T15:27:31.874Z] runPostScanAnalysis started. Current nodes count: 24
[2026-09-21T15:27:31.879Z] No active DependencyGraphPanel webview open.
[2026-09-21T15:27:38.724Z] runPostScanAnalysis started. Current nodes count: 25
[2026-09-21T15:27:38.729Z] No active DependencyGraphPanel webview open.
[2026-09-21T15:27:47.347Z] runPostScanAnalysis started. Current nodes count: 26
[2026-09-21T15:27:47.351Z] No active DependencyGraphPanel webview open.
[2026-09-21T15:27:57.565Z] runPostScanAnalysis started. Current nodes count: 27
[2026-09-21T15:27:57.569Z] No active DependencyGraphPanel webview open.
[2026-09-21T15:28:27.995Z] runPostScanAnalysis started. Current nodes count: 28
[2026-09-21T15:28:27.998Z] No active DependencyGraphPanel webview open.
[2026-09-21T15:28:35.900Z] runPostScanAnalysis started. Current nodes count: 29
[2026-09-21T15:28:35.905Z] No active DependencyGraphPanel webview open.
[2026-09-21T15:29:06.000Z] runPostScanAnalysis started. Current nodes count: 30
[2026-09-21T15:29:06.004Z] No active DependencyGraphPanel webview open.
[2026-09-21T15:29:17.142Z] runPostScanAnalysis started. Current nodes count: 30
[2026-09-21T15:29:17.146Z] No active DependencyGraphPanel webview open.
[2026-09-21T15:29:20.697Z] runPostScanAnalysis started. Current nodes count: 30
[2026-09-21T15:29:20.699Z] No active DependencyGraphPanel webview open.
[2026-09-21T15:29:24.417Z] runPostScanAnalysis started. Current nodes count: 30
[2026-09-21T15:29:24.419Z] No active DependencyGraphPanel webview open.
[2026-09-21T15:30:46.616Z] runPostScanAnalysis started. Current nodes count: 35
[2026-09-21T15:30:46.620Z] No active DependencyGraphPanel webview open.
[2026-09-21T15:31:08.177Z] runPostScanAnalysis started. Current nodes count: 35
[2026-09-21T15:31:08.182Z] No active DependencyGraphPanel webview open.
[2026-09-21T15:31:08.190Z] runPostScanAnalysis started. Current nodes count: 37
[2026-09-21T15:31:08.191Z] runPostScanAnalysis started. Current nodes count: 40
[2026-09-21T15:31:08.196Z] runPostScanAnalysis started. Current nodes count: 43
[2026-09-21T15:31:08.197Z] runPostScanAnalysis started. Current nodes count: 45
[2026-09-21T15:31:08.198Z] runPostScanAnalysis started. Current nodes count: 46
[2026-09-21T15:31:08.199Z] runPostScanAnalysis started. Current nodes count: 47
[2026-09-21T15:31:08.200Z] runPostScanAnalysis started. Current nodes count: 53
[2026-09-21T15:31:08.202Z] runPostScanAnalysis started. Current nodes count: 57
[2026-09-21T15:31:08.203Z] runPostScanAnalysis started. Current nodes count: 60
[2026-09-21T15:31:08.204Z] runPostScanAnalysis started. Current nodes count: 63
[2026-09-21T15:31:08.206Z] runPostScanAnalysis started. Current nodes count: 65
[2026-09-21T15:31:08.207Z] runPostScanAnalysis started. Current nodes count: 66
[2026-09-21T15:31:08.210Z] runPostScanAnalysis started. Current nodes count: 68
[2026-09-21T15:31:08.211Z] runPostScanAnalysis started. Current nodes count: 70
[2026-09-21T15:31:08.212Z] runPostScanAnalysis started. Current nodes count: 72
[2026-09-21T15:31:08.213Z] runPostScanAnalysis started. Current nodes count: 73
[2026-09-21T15:31:08.215Z] runPostScanAnalysis started. Current nodes count: 76
[2026-09-21T15:31:08.218Z] runPostScanAnalysis started. Current nodes count: 78
[2026-09-21T15:31:08.219Z] runPostScanAnalysis started. Current nodes count: 79
[2026-09-21T15:31:08.222Z] runPostScanAnalysis started. Current nodes count: 80
[2026-09-21T15:31:08.223Z] runPostScanAnalysis started. Current nodes count: 82
[2026-09-21T15:31:08.224Z] runPostScanAnalysis started. Current nodes count: 84
[2026-09-21T15:31:08.225Z] runPostScanAnalysis started. Current nodes count: 85
[2026-09-21T15:31:08.227Z] runPostScanAnalysis started. Current nodes count: 87
[2026-09-21T15:31:08.228Z] runPostScanAnalysis started. Current nodes count: 88
[2026-09-21T15:31:08.229Z] runPostScanAnalysis started. Current nodes count: 90
[2026-09-21T15:31:08.230Z] runPostScanAnalysis started. Current nodes count: 95
[2026-09-21T15:31:08.233Z] runPostScanAnalysis started. Current nodes count: 98
[2026-09-21T15:31:08.234Z] runPostScanAnalysis started. Current nodes count: 100
[2026-09-21T15:31:08.235Z] runPostScanAnalysis started. Current nodes count: 101
[2026-09-21T15:31:08.236Z] runPostScanAnalysis started. Current nodes count: 102
[2026-09-21T15:31:08.237Z] runPostScanAnalysis started. Current nodes count: 103
[2026-09-21T15:31:08.238Z] runPostScanAnalysis started. Current nodes count: 104
[2026-09-21T15:31:08.239Z] runPostScanAnalysis started. Current nodes count: 105
[2026-09-21T15:31:08.241Z] runPostScanAnalysis started. Current nodes count: 113
[2026-09-21T15:31:08.243Z] runPostScanAnalysis started. Current nodes count: 114
[2026-09-21T15:31:08.245Z] runPostScanAnalysis started. Current nodes count: 115
[2026-09-21T15:31:08.246Z] runPostScanAnalysis started. Current nodes count: 118
[2026-09-21T15:31:08.252Z] runPostScanAnalysis started. Current nodes count: 119
[2026-09-21T15:31:08.254Z] runPostScanAnalysis started. Current nodes count: 120
[2026-09-21T15:31:08.260Z] runPostScanAnalysis started. Current nodes count: 125
[2026-09-21T15:31:08.267Z] runPostScanAnalysis started. Current nodes count: 140
[2026-09-21T15:31:08.269Z] runPostScanAnalysis started. Current nodes count: 148
[2026-09-21T15:31:08.271Z] runPostScanAnalysis started. Current nodes count: 156
[2026-09-21T15:31:08.274Z] runPostScanAnalysis started. Current nodes count: 157
[2026-09-21T15:31:08.276Z] runPostScanAnalysis started. Current nodes count: 158
[2026-09-21T15:31:08.278Z] runPostScanAnalysis started. Current nodes count: 159
[2026-09-21T15:31:08.280Z] runPostScanAnalysis started. Current nodes count: 160
[2026-09-21T15:31:08.282Z] runPostScanAnalysis started. Current nodes count: 161
[2026-09-21T15:31:08.284Z] runPostScanAnalysis started. Current nodes count: 162
[2026-09-21T15:31:08.287Z] runPostScanAnalysis started. Current nodes count: 163
[2026-09-21T15:31:08.289Z] runPostScanAnalysis started. Current nodes count: 164
[2026-09-21T15:31:08.291Z] runPostScanAnalysis started. Current nodes count: 167
[2026-09-21T15:31:08.293Z] runPostScanAnalysis started. Current nodes count: 168
[2026-09-21T15:31:08.298Z] runPostScanAnalysis started. Current nodes count: 170
[2026-09-21T15:31:08.300Z] runPostScanAnalysis started. Current nodes count: 171
[2026-09-21T15:31:08.302Z] runPostScanAnalysis started. Current nodes count: 173
[2026-09-21T15:31:08.305Z] runPostScanAnalysis started. Current nodes count: 179
[2026-09-21T15:31:08.307Z] runPostScanAnalysis started. Current nodes count: 183
[2026-09-21T15:31:08.309Z] runPostScanAnalysis started. Current nodes count: 185
[2026-09-21T15:31:08.318Z] runPostScanAnalysis started. Current nodes count: 214
[2026-09-21T15:31:08.325Z] runPostScanAnalysis started. Current nodes count: 221
[2026-09-21T15:31:08.327Z] runPostScanAnalysis started. Current nodes count: 222
[2026-09-21T15:31:08.330Z] runPostScanAnalysis started. Current nodes count: 226
[2026-09-21T15:31:08.332Z] runPostScanAnalysis started. Current nodes count: 228
[2026-09-21T15:31:08.335Z] runPostScanAnalysis started. Current nodes count: 229
[2026-09-21T15:31:08.339Z] runPostScanAnalysis started. Current nodes count: 230
[2026-09-21T15:31:08.343Z] runPostScanAnalysis started. Current nodes count: 232
[2026-09-21T15:31:08.345Z] runPostScanAnalysis started. Current nodes count: 233
[2026-09-21T15:31:08.348Z] runPostScanAnalysis started. Current nodes count: 234
[2026-09-21T15:31:08.350Z] runPostScanAnalysis started. Current nodes count: 235
[2026-09-21T15:31:08.353Z] runPostScanAnalysis started. Current nodes count: 237
[2026-09-21T15:31:08.355Z] runPostScanAnalysis started. Current nodes count: 240
[2026-09-21T15:31:08.358Z] runPostScanAnalysis started. Current nodes count: 241
[2026-09-21T15:31:08.360Z] runPostScanAnalysis started. Current nodes count: 242
[2026-09-21T15:31:08.362Z] runPostScanAnalysis started. Current nodes count: 243
[2026-09-21T15:31:08.365Z] runPostScanAnalysis started. Current nodes count: 244
[2026-09-21T15:31:08.367Z] runPostScanAnalysis started. Current nodes count: 245
[2026-09-21T15:31:08.370Z] runPostScanAnalysis started. Current nodes count: 246
[2026-09-21T15:31:08.372Z] runPostScanAnalysis started. Current nodes count: 247
[2026-09-21T15:31:08.374Z] runPostScanAnalysis started. Current nodes count: 250
[2026-09-21T15:31:08.377Z] runPostScanAnalysis started. Current nodes count: 251
[2026-09-21T15:31:08.380Z] runPostScanAnalysis started. Current nodes count: 259
[2026-09-21T15:31:08.384Z] runPostScanAnalysis started. Current nodes count: 269
[2026-09-21T15:31:08.388Z] runPostScanAnalysis started. Current nodes count: 272
[2026-09-21T15:31:08.394Z] runPostScanAnalysis started. Current nodes count: 290
[2026-09-21T15:31:08.398Z] runPostScanAnalysis started. Current nodes count: 292
[2026-09-21T15:31:08.402Z] runPostScanAnalysis started. Current nodes count: 303
[2026-09-21T15:31:08.409Z] runPostScanAnalysis started. Current nodes count: 308
[2026-09-21T15:31:08.423Z] No active DependencyGraphPanel webview open.
[2026-09-21T15:31:08.425Z] No active DependencyGraphPanel webview open.
[2026-09-21T15:31:08.427Z] No active DependencyGraphPanel webview open.
[2026-09-21T15:31:08.431Z] runPostScanAnalysis started. Current nodes count: 311
[2026-09-21T15:31:08.434Z] No active DependencyGraphPanel webview open.
[2026-09-21T15:31:08.436Z] No active DependencyGraphPanel webview open.
[2026-09-21T15:31:08.438Z] No active DependencyGraphPanel webview open.
[2026-09-21T15:31:08.442Z] runPostScanAnalysis started. Current nodes count: 312
[2026-09-21T15:31:08.445Z] No active DependencyGraphPanel webview open.
[2026-09-21T15:31:08.449Z] runPostScanAnalysis started. Current nodes count: 313
[2026-09-21T15:31:08.452Z] No active DependencyGraphPanel webview open.
[2026-09-21T15:31:08.455Z] No active DependencyGraphPanel webview open.
[2026-09-21T15:31:08.457Z] No active DependencyGraphPanel webview open.
[2026-09-21T15:31:08.460Z] No active DependencyGraphPanel webview open.
[2026-09-21T15:31:08.462Z] No active DependencyGraphPanel webview open.
[2026-09-21T15:31:08.465Z] No active DependencyGraphPanel webview open.
[2026-09-21T15:31:08.468Z] No active DependencyGraphPanel webview open.
[2026-09-21T15:31:08.472Z] runPostScanAnalysis started. Current nodes count: 313
[2026-09-21T15:31:08.475Z] No active DependencyGraphPanel webview open.
[2026-09-21T15:31:08.478Z] No active DependencyGraphPanel webview open.
[2026-09-21T15:31:08.482Z] runPostScanAnalysis started. Current nodes count: 313
[2026-09-21T15:31:08.487Z] runPostScanAnalysis started. Current nodes count: 313
[2026-09-21T15:31:08.514Z] No active DependencyGraphPanel webview open.
[2026-09-21T15:31:08.516Z] No active DependencyGraphPanel webview open.
[2026-09-21T15:31:08.518Z] No active DependencyGraphPanel webview open.
[2026-09-21T15:31:08.520Z] No active DependencyGraphPanel webview open.
[2026-09-21T15:31:08.524Z] runPostScanAnalysis started. Current nodes count: 314
[2026-09-21T15:31:08.527Z] No active DependencyGraphPanel webview open.
[2026-09-21T15:31:08.529Z] No active DependencyGraphPanel webview open.
[2026-09-21T15:31:08.531Z] No active DependencyGraphPanel webview open.
[2026-09-21T15:31:08.533Z] No active DependencyGraphPanel webview open.
[2026-09-21T15:31:08.535Z] No active DependencyGraphPanel webview open.
[2026-09-21T15:31:08.539Z] runPostScanAnalysis started. Current nodes count: 314
[2026-09-21T15:31:08.542Z] No active DependencyGraphPanel webview open.
[2026-09-21T15:31:08.545Z] runPostScanAnalysis started. Current nodes count: 314
[2026-09-21T15:31:08.548Z] No active DependencyGraphPanel webview open.
[2026-09-21T15:31:08.550Z] No active DependencyGraphPanel webview open.
[2026-09-21T15:31:08.553Z] No active DependencyGraphPanel webview open.
[2026-09-21T15:31:08.555Z] No active DependencyGraphPanel webview open.
[2026-09-21T15:31:08.557Z] No active DependencyGraphPanel webview open.
[2026-09-21T15:31:08.559Z] No active DependencyGraphPanel webview open.
[2026-09-21T15:31:08.561Z] No active DependencyGraphPanel webview open.
[2026-09-21T15:31:08.563Z] No active DependencyGraphPanel webview open.
[2026-09-21T15:31:08.565Z] No active DependencyGraphPanel webview open.
[2026-09-21T15:31:08.567Z] No active DependencyGraphPanel webview open.
[2026-09-21T15:31:08.569Z] No active DependencyGraphPanel webview open.
[2026-09-21T15:31:08.571Z] No active DependencyGraphPanel webview open.
[2026-09-21T15:31:08.573Z] No active DependencyGraphPanel webview open.
[2026-09-21T15:31:08.576Z] No active DependencyGraphPanel webview open.
[2026-09-21T15:31:08.578Z] No active DependencyGraphPanel webview open.
[2026-09-21T15:31:08.580Z] No active DependencyGraphPanel webview open.
[2026-09-21T15:31:08.584Z] No active DependencyGraphPanel webview open.
[2026-09-21T15:31:08.586Z] No active DependencyGraphPanel webview open.
[2026-09-21T15:31:08.589Z] No active DependencyGraphPanel webview open.
[2026-09-21T15:31:08.596Z] No active DependencyGraphPanel webview open.
[2026-09-21T15:31:08.598Z] No active DependencyGraphPanel webview open.
[2026-09-21T15:31:08.600Z] No active DependencyGraphPanel webview open.
[2026-09-21T15:31:08.602Z] No active DependencyGraphPanel webview open.
[2026-09-21T15:31:08.604Z] No active DependencyGraphPanel webview open.
[2026-09-21T15:31:08.606Z] No active DependencyGraphPanel webview open.
[2026-09-21T15:31:08.608Z] No active DependencyGraphPanel webview open.
[2026-09-21T15:31:08.612Z] runPostScanAnalysis started. Current nodes count: 314
[2026-09-21T15:31:08.615Z] No active DependencyGraphPanel webview open.
[2026-09-21T15:31:08.617Z] No active DependencyGraphPanel webview open.
[2026-09-21T15:31:08.621Z] runPostScanAnalysis started. Current nodes count: 314
[2026-09-21T15:31:08.624Z] No active DependencyGraphPanel webview open.
[2026-09-21T15:31:08.626Z] No active DependencyGraphPanel webview open.
[2026-09-21T15:31:08.629Z] runPostScanAnalysis started. Current nodes count: 314
[2026-09-21T15:31:08.632Z] No active DependencyGraphPanel webview open.
[2026-09-21T15:31:08.634Z] No active DependencyGraphPanel webview open.
[2026-09-21T15:31:08.636Z] No active DependencyGraphPanel webview open.
[2026-09-21T15:31:08.638Z] No active DependencyGraphPanel webview open.
[2026-09-21T15:31:08.640Z] No active DependencyGraphPanel webview open.
[2026-09-21T15:31:08.643Z] No active DependencyGraphPanel webview open.
[2026-09-21T15:31:08.645Z] No active DependencyGraphPanel webview open.
[2026-09-21T15:31:08.647Z] No active DependencyGraphPanel webview open.
[2026-09-21T15:31:08.650Z] No active DependencyGraphPanel webview open.
[2026-09-21T15:31:08.652Z] No active DependencyGraphPanel webview open.
[2026-09-21T15:31:08.655Z] No active DependencyGraphPanel webview open.
[2026-09-21T15:31:08.657Z] No active DependencyGraphPanel webview open.
[2026-09-21T15:31:08.660Z] No active DependencyGraphPanel webview open.
[2026-09-21T15:31:08.662Z] No active DependencyGraphPanel webview open.
[2026-09-21T15:31:08.665Z] No active DependencyGraphPanel webview open.
[2026-09-21T15:31:08.669Z] No active DependencyGraphPanel webview open.
[2026-09-21T15:31:08.671Z] No active DependencyGraphPanel webview open.
[2026-09-21T15:31:08.673Z] No active DependencyGraphPanel webview open.
[2026-09-21T15:31:08.675Z] No active DependencyGraphPanel webview open.
[2026-09-21T15:31:08.677Z] No active DependencyGraphPanel webview open.
[2026-09-21T15:31:08.679Z] No active DependencyGraphPanel webview open.
[2026-09-21T15:31:08.681Z] No active DependencyGraphPanel webview open.
[2026-09-21T15:31:08.683Z] No active DependencyGraphPanel webview open.
[2026-09-21T15:31:08.685Z] No active DependencyGraphPanel webview open.
[2026-09-21T15:31:08.688Z] runPostScanAnalysis started. Current nodes count: 314
[2026-09-21T15:31:08.690Z] No active DependencyGraphPanel webview open.
[2026-09-21T15:31:08.692Z] No active DependencyGraphPanel webview open.
[2026-09-21T15:31:08.694Z] No active DependencyGraphPanel webview open.
[2026-09-21T15:31:08.696Z] No active DependencyGraphPanel webview open.
[2026-09-21T15:31:08.698Z] No active DependencyGraphPanel webview open.
[2026-09-21T15:31:08.700Z] No active DependencyGraphPanel webview open.
[2026-09-21T15:31:08.702Z] No active DependencyGraphPanel webview open.
[2026-09-21T15:31:08.704Z] No active DependencyGraphPanel webview open.
[2026-09-21T15:31:08.706Z] No active DependencyGraphPanel webview open.
[2026-09-21T15:31:08.709Z] No active DependencyGraphPanel webview open.
[2026-09-21T15:31:08.712Z] runPostScanAnalysis started. Current nodes count: 314
[2026-09-21T15:31:08.716Z] No active DependencyGraphPanel webview open.
[2026-09-21T15:31:08.718Z] No active DependencyGraphPanel webview open.
[2026-09-21T15:31:08.722Z] runPostScanAnalysis started. Current nodes count: 314
[2026-09-21T15:31:08.725Z] No active DependencyGraphPanel webview open.
[2026-09-21T15:31:08.728Z] No active DependencyGraphPanel webview open.
[2026-09-21T15:31:08.731Z] No active DependencyGraphPanel webview open.
[2026-09-21T15:31:08.734Z] No active DependencyGraphPanel webview open.
[2026-09-21T15:31:08.738Z] runPostScanAnalysis started. Current nodes count: 314
[2026-09-21T15:31:08.741Z] No active DependencyGraphPanel webview open.
[2026-09-21T15:31:08.745Z] No active DependencyGraphPanel webview open.
[2026-09-21T15:31:08.745Z] runPostScanAnalysis started. Current nodes count: 314
[2026-09-21T15:31:08.746Z] runPostScanAnalysis started. Current nodes count: 314
[2026-09-21T15:31:08.746Z] runPostScanAnalysis started. Current nodes count: 314
[2026-09-21T15:31:08.747Z] runPostScanAnalysis started. Current nodes count: 314
[2026-09-21T15:31:08.747Z] runPostScanAnalysis started. Current nodes count: 314
[2026-09-21T15:31:08.748Z] runPostScanAnalysis started. Current nodes count: 314
[2026-09-21T15:31:08.748Z] runPostScanAnalysis started. Current nodes count: 314
[2026-09-21T15:31:08.855Z] No active DependencyGraphPanel webview open.
[2026-09-21T15:31:08.858Z] No active DependencyGraphPanel webview open.
[2026-09-21T15:31:08.861Z] No active DependencyGraphPanel webview open.
[2026-09-21T15:31:08.864Z] runPostScanAnalysis started. Current nodes count: 314
[2026-09-21T15:31:08.868Z] No active DependencyGraphPanel webview open.
[2026-09-21T15:31:08.871Z] No active DependencyGraphPanel webview open.
[2026-09-21T15:31:08.874Z] No active DependencyGraphPanel webview open.
[2026-09-21T15:31:08.877Z] runPostScanAnalysis started. Current nodes count: 314
[2026-09-21T15:31:08.881Z] No active DependencyGraphPanel webview open.
[2026-09-21T15:31:08.884Z] No active DependencyGraphPanel webview open.
[2026-09-21T15:31:08.887Z] No active DependencyGraphPanel webview open.
[2026-09-21T15:31:08.890Z] No active DependencyGraphPanel webview open.
[2026-09-21T15:31:08.893Z] No active DependencyGraphPanel webview open.
[2026-09-21T15:31:08.896Z] No active DependencyGraphPanel webview open.
[2026-09-21T15:31:08.902Z] No active DependencyGraphPanel webview open.
[2026-09-21T15:31:08.905Z] No active DependencyGraphPanel webview open.
[2026-09-21T15:31:09.067Z] No active DependencyGraphPanel webview open.
[2026-09-21T15:31:09.071Z] No active DependencyGraphPanel webview open.
[2026-09-21T15:31:09.185Z] runPostScanAnalysis started. Current nodes count: 314
[2026-09-21T15:31:09.189Z] runPostScanAnalysis started. Current nodes count: 314
[2026-09-21T15:31:09.194Z] runPostScanAnalysis started. Current nodes count: 314
[2026-09-21T15:31:09.205Z] runPostScanAnalysis started. Current nodes count: 314
[2026-09-21T15:31:09.210Z] runPostScanAnalysis started. Current nodes count: 314
[2026-09-21T15:31:09.214Z] runPostScanAnalysis started. Current nodes count: 314
[2026-09-21T15:31:09.218Z] runPostScanAnalysis started. Current nodes count: 314
[2026-09-21T15:31:09.223Z] runPostScanAnalysis started. Current nodes count: 314
[2026-09-21T15:31:09.227Z] runPostScanAnalysis started. Current nodes count: 314
[2026-09-21T15:31:09.230Z] runPostScanAnalysis started. Current nodes count: 314
[2026-09-21T15:31:09.234Z] runPostScanAnalysis started. Current nodes count: 314
[2026-09-21T15:31:09.238Z] runPostScanAnalysis started. Current nodes count: 314
[2026-09-21T15:31:09.242Z] runPostScanAnalysis started. Current nodes count: 314
[2026-09-21T15:31:09.247Z] runPostScanAnalysis started. Current nodes count: 314
[2026-09-21T15:31:09.250Z] runPostScanAnalysis started. Current nodes count: 314
[2026-09-21T15:31:09.254Z] runPostScanAnalysis started. Current nodes count: 314
[2026-09-21T15:31:09.257Z] runPostScanAnalysis started. Current nodes count: 314
[2026-09-21T15:31:09.260Z] runPostScanAnalysis started. Current nodes count: 314
[2026-09-21T15:31:09.268Z] runPostScanAnalysis started. Current nodes count: 314
[2026-09-21T15:31:09.276Z] runPostScanAnalysis started. Current nodes count: 314
[2026-09-21T15:31:09.285Z] runPostScanAnalysis started. Current nodes count: 314
[2026-09-21T15:31:09.324Z] runPostScanAnalysis started. Current nodes count: 314
[2026-09-21T15:31:09.328Z] runPostScanAnalysis started. Current nodes count: 314
[2026-09-21T15:31:09.334Z] runPostScanAnalysis started. Current nodes count: 314
[2026-09-21T15:31:09.338Z] runPostScanAnalysis started. Current nodes count: 314
[2026-09-21T15:31:09.341Z] runPostScanAnalysis started. Current nodes count: 314
[2026-09-21T15:31:09.345Z] runPostScanAnalysis started. Current nodes count: 314
[2026-09-21T15:31:09.348Z] runPostScanAnalysis started. Current nodes count: 314
[2026-09-21T15:31:09.352Z] runPostScanAnalysis started. Current nodes count: 314
[2026-09-21T15:31:09.356Z] runPostScanAnalysis started. Current nodes count: 314
[2026-09-21T15:31:09.359Z] runPostScanAnalysis started. Current nodes count: 314
[2026-09-21T15:31:09.362Z] runPostScanAnalysis started. Current nodes count: 314
[2026-09-21T15:31:09.366Z] runPostScanAnalysis started. Current nodes count: 314
[2026-09-21T15:31:09.369Z] runPostScanAnalysis started. Current nodes count: 314
[2026-09-21T15:31:09.372Z] runPostScanAnalysis started. Current nodes count: 314
[2026-09-21T15:31:09.376Z] runPostScanAnalysis started. Current nodes count: 314
[2026-09-21T15:31:09.379Z] runPostScanAnalysis started. Current nodes count: 314
[2026-09-21T15:31:09.382Z] runPostScanAnalysis started. Current nodes count: 314
[2026-09-21T15:31:09.385Z] runPostScanAnalysis started. Current nodes count: 314
[2026-09-21T15:31:09.388Z] runPostScanAnalysis started. Current nodes count: 314
[2026-09-21T15:31:09.391Z] runPostScanAnalysis started. Current nodes count: 314
[2026-09-21T15:31:09.394Z] runPostScanAnalysis started. Current nodes count: 314
[2026-09-21T15:31:09.398Z] runPostScanAnalysis started. Current nodes count: 314
[2026-09-21T15:31:09.401Z] runPostScanAnalysis started. Current nodes count: 314
[2026-09-21T15:31:09.404Z] runPostScanAnalysis started. Current nodes count: 314
[2026-09-21T15:31:09.407Z] runPostScanAnalysis started. Current nodes count: 314
[2026-09-21T15:31:09.410Z] runPostScanAnalysis started. Current nodes count: 314
[2026-09-21T15:31:09.413Z] runPostScanAnalysis started. Current nodes count: 315
[2026-09-21T15:31:09.417Z] runPostScanAnalysis started. Current nodes count: 315
[2026-09-21T15:31:09.420Z] runPostScanAnalysis started. Current nodes count: 315
[2026-09-21T15:31:09.424Z] runPostScanAnalysis started. Current nodes count: 315
[2026-09-21T15:31:09.427Z] runPostScanAnalysis started. Current nodes count: 315
[2026-09-21T15:31:09.430Z] runPostScanAnalysis started. Current nodes count: 315
[2026-09-21T15:31:09.434Z] runPostScanAnalysis started. Current nodes count: 315
[2026-09-21T15:31:09.437Z] runPostScanAnalysis started. Current nodes count: 315
[2026-09-21T15:31:09.440Z] runPostScanAnalysis started. Current nodes count: 315
[2026-09-21T15:31:09.443Z] runPostScanAnalysis started. Current nodes count: 315
[2026-09-21T15:31:09.447Z] runPostScanAnalysis started. Current nodes count: 315
[2026-09-21T15:31:09.450Z] runPostScanAnalysis started. Current nodes count: 315
[2026-09-21T15:31:09.454Z] runPostScanAnalysis started. Current nodes count: 315
[2026-09-21T15:31:09.458Z] runPostScanAnalysis started. Current nodes count: 315
[2026-09-21T15:31:09.461Z] runPostScanAnalysis started. Current nodes count: 315
[2026-09-21T15:31:09.464Z] runPostScanAnalysis started. Current nodes count: 315
[2026-09-21T15:31:09.468Z] runPostScanAnalysis started. Current nodes count: 315
[2026-09-21T15:31:09.472Z] runPostScanAnalysis started. Current nodes count: 315
[2026-09-21T15:31:09.475Z] runPostScanAnalysis started. Current nodes count: 315
[2026-09-21T15:31:09.481Z] runPostScanAnalysis started. Current nodes count: 315
[2026-09-21T15:31:09.485Z] runPostScanAnalysis started. Current nodes count: 315
[2026-09-21T15:31:09.489Z] runPostScanAnalysis started. Current nodes count: 315
[2026-09-21T15:31:09.493Z] runPostScanAnalysis started. Current nodes count: 315
[2026-09-21T15:31:09.498Z] runPostScanAnalysis started. Current nodes count: 315
[2026-09-21T15:31:09.503Z] runPostScanAnalysis started. Current nodes count: 316
[2026-09-21T15:31:09.510Z] runPostScanAnalysis started. Current nodes count: 316
[2026-09-21T15:31:09.514Z] No active DependencyGraphPanel webview open.
[2026-09-21T15:31:09.517Z] No active DependencyGraphPanel webview open.
[2026-09-21T15:31:09.519Z] No active DependencyGraphPanel webview open.
[2026-09-21T15:31:09.525Z] runPostScanAnalysis started. Current nodes count: 316
[2026-09-21T15:31:09.530Z] runPostScanAnalysis started. Current nodes count: 317
[2026-09-21T15:31:09.534Z] runPostScanAnalysis started. Current nodes count: 317
[2026-09-21T15:31:09.537Z] No active DependencyGraphPanel webview open.
[2026-09-21T15:31:09.540Z] No active DependencyGraphPanel webview open.
[2026-09-21T15:31:09.543Z] No active DependencyGraphPanel webview open.
[2026-09-21T15:31:09.546Z] runPostScanAnalysis started. Current nodes count: 317
[2026-09-21T15:31:09.549Z] No active DependencyGraphPanel webview open.
[2026-09-21T15:31:09.552Z] No active DependencyGraphPanel webview open.
[2026-09-21T15:31:09.555Z] No active DependencyGraphPanel webview open.
[2026-09-21T15:31:09.557Z] No active DependencyGraphPanel webview open.
[2026-09-21T15:31:09.560Z] No active DependencyGraphPanel webview open.
[2026-09-21T15:31:09.563Z] No active DependencyGraphPanel webview open.
[2026-09-21T15:31:09.566Z] No active DependencyGraphPanel webview open.
[2026-09-21T15:31:09.568Z] No active DependencyGraphPanel webview open.
[2026-09-21T15:31:09.571Z] No active DependencyGraphPanel webview open.
[2026-09-21T15:31:09.573Z] No active DependencyGraphPanel webview open.
[2026-09-21T15:31:09.576Z] No active DependencyGraphPanel webview open.
[2026-09-21T15:31:09.579Z] No active DependencyGraphPanel webview open.
[2026-09-21T15:31:09.582Z] No active DependencyGraphPanel webview open.
[2026-09-21T15:31:09.586Z] runPostScanAnalysis started. Current nodes count: 318
[2026-09-21T15:31:09.597Z] No active DependencyGraphPanel webview open.
[2026-09-21T15:31:09.602Z] No active DependencyGraphPanel webview open.
[2026-09-21T15:31:09.605Z] runPostScanAnalysis started. Current nodes count: 324
[2026-09-21T15:31:09.614Z] runPostScanAnalysis started. Current nodes count: 329
[2026-09-21T15:31:09.618Z] runPostScanAnalysis started. Current nodes count: 331
[2026-09-21T15:31:09.623Z] runPostScanAnalysis started. Current nodes count: 334
[2026-09-21T15:31:09.628Z] runPostScanAnalysis started. Current nodes count: 338
[2026-09-21T15:31:09.633Z] runPostScanAnalysis started. Current nodes count: 340
[2026-09-21T15:31:09.637Z] runPostScanAnalysis started. Current nodes count: 342
[2026-09-21T15:31:09.641Z] runPostScanAnalysis started. Current nodes count: 345
[2026-09-21T15:31:09.645Z] runPostScanAnalysis started. Current nodes count: 346
[2026-09-21T15:31:09.649Z] runPostScanAnalysis started. Current nodes count: 347
[2026-09-21T15:31:09.653Z] runPostScanAnalysis started. Current nodes count: 348
[2026-09-21T15:31:09.657Z] runPostScanAnalysis started. Current nodes count: 349
[2026-09-21T15:31:09.661Z] runPostScanAnalysis started. Current nodes count: 350
[2026-09-21T15:31:09.665Z] runPostScanAnalysis started. Current nodes count: 351
[2026-09-21T15:31:09.669Z] runPostScanAnalysis started. Current nodes count: 352
[2026-09-21T15:31:09.673Z] runPostScanAnalysis started. Current nodes count: 357
[2026-09-21T15:31:09.679Z] runPostScanAnalysis started. Current nodes count: 358
[2026-09-21T15:31:09.684Z] runPostScanAnalysis started. Current nodes count: 362
[2026-09-21T15:31:09.688Z] runPostScanAnalysis started. Current nodes count: 364
[2026-09-21T15:31:09.691Z] runPostScanAnalysis started. Current nodes count: 365
[2026-09-21T15:31:09.695Z] runPostScanAnalysis started. Current nodes count: 366
[2026-09-21T15:31:09.699Z] runPostScanAnalysis started. Current nodes count: 367
[2026-09-21T15:31:09.703Z] runPostScanAnalysis started. Current nodes count: 368
[2026-09-21T15:31:09.707Z] runPostScanAnalysis started. Current nodes count: 369
[2026-09-21T15:31:09.711Z] runPostScanAnalysis started. Current nodes count: 370
[2026-09-21T15:31:09.715Z] runPostScanAnalysis started. Current nodes count: 371
[2026-09-21T15:31:09.719Z] runPostScanAnalysis started. Current nodes count: 372
[2026-09-21T15:31:09.722Z] runPostScanAnalysis started. Current nodes count: 373
[2026-09-21T15:31:09.726Z] runPostScanAnalysis started. Current nodes count: 374
[2026-09-21T15:31:09.730Z] runPostScanAnalysis started. Current nodes count: 375
[2026-09-21T15:31:09.734Z] runPostScanAnalysis started. Current nodes count: 376
[2026-09-21T15:31:09.738Z] runPostScanAnalysis started. Current nodes count: 377
[2026-09-21T15:31:09.742Z] runPostScanAnalysis started. Current nodes count: 378
[2026-09-21T15:31:09.746Z] runPostScanAnalysis started. Current nodes count: 379
[2026-09-21T15:31:09.749Z] runPostScanAnalysis started. Current nodes count: 380
[2026-09-21T15:31:09.753Z] runPostScanAnalysis started. Current nodes count: 381
[2026-09-21T15:31:09.757Z] runPostScanAnalysis started. Current nodes count: 382
[2026-09-21T15:31:09.761Z] runPostScanAnalysis started. Current nodes count: 383
[2026-09-21T15:31:09.768Z] runPostScanAnalysis started. Current nodes count: 384
[2026-09-21T15:31:09.772Z] runPostScanAnalysis started. Current nodes count: 385
[2026-09-21T15:31:09.777Z] runPostScanAnalysis started. Current nodes count: 386
[2026-09-21T15:31:09.781Z] runPostScanAnalysis started. Current nodes count: 387
[2026-09-21T15:31:09.785Z] runPostScanAnalysis started. Current nodes count: 388
[2026-09-21T15:31:09.789Z] runPostScanAnalysis started. Current nodes count: 389
[2026-09-21T15:31:09.793Z] runPostScanAnalysis started. Current nodes count: 390
[2026-09-21T15:31:09.797Z] runPostScanAnalysis started. Current nodes count: 391
[2026-09-21T15:31:09.802Z] runPostScanAnalysis started. Current nodes count: 392
[2026-09-21T15:31:09.806Z] runPostScanAnalysis started. Current nodes count: 393
[2026-09-21T15:31:09.810Z] runPostScanAnalysis started. Current nodes count: 394
[2026-09-21T15:31:09.814Z] runPostScanAnalysis started. Current nodes count: 395
[2026-09-21T15:31:09.818Z] runPostScanAnalysis started. Current nodes count: 396
[2026-09-21T15:31:09.822Z] runPostScanAnalysis started. Current nodes count: 397
[2026-09-21T15:31:09.826Z] runPostScanAnalysis started. Current nodes count: 398
[2026-09-21T15:31:09.830Z] runPostScanAnalysis started. Current nodes count: 399
[2026-09-21T15:31:09.835Z] runPostScanAnalysis started. Current nodes count: 400
[2026-09-21T15:31:09.839Z] runPostScanAnalysis started. Current nodes count: 401
[2026-09-21T15:31:09.843Z] runPostScanAnalysis started. Current nodes count: 402
[2026-09-21T15:31:09.848Z] runPostScanAnalysis started. Current nodes count: 403
[2026-09-21T15:31:09.852Z] runPostScanAnalysis started. Current nodes count: 404
[2026-09-21T15:31:09.856Z] runPostScanAnalysis started. Current nodes count: 405
[2026-09-21T15:31:09.860Z] runPostScanAnalysis started. Current nodes count: 406
[2026-09-21T15:31:09.864Z] runPostScanAnalysis started. Current nodes count: 407
[2026-09-21T15:31:09.869Z] runPostScanAnalysis started. Current nodes count: 408
[2026-09-21T15:31:09.872Z] runPostScanAnalysis started. Current nodes count: 409
[2026-09-21T15:31:09.877Z] runPostScanAnalysis started. Current nodes count: 410
[2026-09-21T15:31:09.881Z] runPostScanAnalysis started. Current nodes count: 411
[2026-09-21T15:31:09.885Z] runPostScanAnalysis started. Current nodes count: 412
[2026-09-21T15:31:09.889Z] runPostScanAnalysis started. Current nodes count: 413
[2026-09-21T15:31:09.892Z] runPostScanAnalysis started. Current nodes count: 414
[2026-09-21T15:31:09.896Z] runPostScanAnalysis started. Current nodes count: 415
[2026-09-21T15:31:09.900Z] runPostScanAnalysis started. Current nodes count: 416
[2026-09-21T15:31:09.904Z] runPostScanAnalysis started. Current nodes count: 417
[2026-09-21T15:31:09.908Z] runPostScanAnalysis started. Current nodes count: 418
[2026-09-21T15:31:09.912Z] runPostScanAnalysis started. Current nodes count: 419
[2026-09-21T15:31:09.916Z] runPostScanAnalysis started. Current nodes count: 420
[2026-09-21T15:31:09.919Z] runPostScanAnalysis started. Current nodes count: 421
[2026-09-21T15:31:09.923Z] runPostScanAnalysis started. Current nodes count: 422
[2026-09-21T15:31:09.927Z] runPostScanAnalysis started. Current nodes count: 423
[2026-09-21T15:31:09.931Z] runPostScanAnalysis started. Current nodes count: 424
[2026-09-21T15:31:09.935Z] runPostScanAnalysis started. Current nodes count: 425
[2026-09-21T15:31:09.939Z] runPostScanAnalysis started. Current nodes count: 426
[2026-09-21T15:31:09.942Z] runPostScanAnalysis started. Current nodes count: 427
[2026-09-21T15:31:09.946Z] runPostScanAnalysis started. Current nodes count: 428
[2026-09-21T15:31:09.950Z] runPostScanAnalysis started. Current nodes count: 429
[2026-09-21T15:31:09.954Z] runPostScanAnalysis started. Current nodes count: 430
[2026-09-21T15:31:09.957Z] runPostScanAnalysis started. Current nodes count: 431
[2026-09-21T15:31:09.961Z] runPostScanAnalysis started. Current nodes count: 432
[2026-09-21T15:31:09.965Z] runPostScanAnalysis started. Current nodes count: 433
[2026-09-21T15:31:09.969Z] runPostScanAnalysis started. Current nodes count: 434
[2026-09-21T15:31:09.972Z] runPostScanAnalysis started. Current nodes count: 435
[2026-09-21T15:31:09.976Z] runPostScanAnalysis started. Current nodes count: 436
[2026-09-21T15:31:09.980Z] runPostScanAnalysis started. Current nodes count: 437
[2026-09-21T15:31:09.984Z] runPostScanAnalysis started. Current nodes count: 438
[2026-09-21T15:31:09.988Z] runPostScanAnalysis started. Current nodes count: 439
[2026-09-21T15:31:09.992Z] runPostScanAnalysis started. Current nodes count: 440
[2026-09-21T15:31:09.996Z] runPostScanAnalysis started. Current nodes count: 441
[2026-09-21T15:31:09.999Z] runPostScanAnalysis started. Current nodes count: 442
[2026-09-21T15:31:10.004Z] runPostScanAnalysis started. Current nodes count: 443
[2026-09-21T15:31:10.007Z] runPostScanAnalysis started. Current nodes count: 444
[2026-09-21T15:31:10.011Z] runPostScanAnalysis started. Current nodes count: 445
[2026-09-21T15:31:10.016Z] runPostScanAnalysis started. Current nodes count: 446
[2026-09-21T15:31:10.019Z] runPostScanAnalysis started. Current nodes count: 447
[2026-09-21T15:31:10.023Z] runPostScanAnalysis started. Current nodes count: 448
[2026-09-21T15:31:10.027Z] runPostScanAnalysis started. Current nodes count: 449
[2026-09-21T15:31:10.031Z] runPostScanAnalysis started. Current nodes count: 450
[2026-09-21T15:31:10.035Z] runPostScanAnalysis started. Current nodes count: 451
[2026-09-21T15:31:10.039Z] runPostScanAnalysis started. Current nodes count: 452
[2026-09-21T15:31:10.043Z] runPostScanAnalysis started. Current nodes count: 453
[2026-09-21T15:31:10.046Z] runPostScanAnalysis started. Current nodes count: 454
[2026-09-21T15:31:10.052Z] runPostScanAnalysis started. Current nodes count: 455
[2026-09-21T15:31:10.055Z] runPostScanAnalysis started. Current nodes count: 456
[2026-09-21T15:31:10.059Z] runPostScanAnalysis started. Current nodes count: 457
[2026-09-21T15:31:10.063Z] runPostScanAnalysis started. Current nodes count: 458
[2026-09-21T15:31:10.067Z] runPostScanAnalysis started. Current nodes count: 459
[2026-09-21T15:31:10.071Z] runPostScanAnalysis started. Current nodes count: 460
[2026-09-21T15:31:10.074Z] runPostScanAnalysis started. Current nodes count: 461
[2026-09-21T15:31:10.078Z] runPostScanAnalysis started. Current nodes count: 462
[2026-09-21T15:31:10.082Z] runPostScanAnalysis started. Current nodes count: 463
[2026-09-21T15:31:10.086Z] runPostScanAnalysis started. Current nodes count: 464
[2026-09-21T15:31:10.090Z] runPostScanAnalysis started. Current nodes count: 465
[2026-09-21T15:31:10.094Z] runPostScanAnalysis started. Current nodes count: 466
[2026-09-21T15:31:10.097Z] runPostScanAnalysis started. Current nodes count: 467
[2026-09-21T15:31:10.101Z] runPostScanAnalysis started. Current nodes count: 468
[2026-09-21T15:31:10.105Z] runPostScanAnalysis started. Current nodes count: 469
[2026-09-21T15:31:10.109Z] runPostScanAnalysis started. Current nodes count: 470
[2026-09-21T15:31:10.113Z] runPostScanAnalysis started. Current nodes count: 471
[2026-09-21T15:31:10.117Z] runPostScanAnalysis started. Current nodes count: 472
[2026-09-21T15:31:10.121Z] runPostScanAnalysis started. Current nodes count: 473
[2026-09-21T15:31:10.124Z] runPostScanAnalysis started. Current nodes count: 475
[2026-09-21T15:31:10.128Z] runPostScanAnalysis started. Current nodes count: 476
[2026-09-21T15:31:10.132Z] runPostScanAnalysis started. Current nodes count: 479
[2026-09-21T15:31:10.136Z] runPostScanAnalysis started. Current nodes count: 481
[2026-09-21T15:31:10.140Z] runPostScanAnalysis started. Current nodes count: 484
[2026-09-21T15:31:10.144Z] runPostScanAnalysis started. Current nodes count: 486
[2026-09-21T15:31:10.173Z] runPostScanAnalysis started. Current nodes count: 492
[2026-09-21T15:31:10.180Z] runPostScanAnalysis started. Current nodes count: 494
[2026-09-21T15:31:10.188Z] runPostScanAnalysis started. Current nodes count: 498
[2026-09-21T15:31:10.194Z] runPostScanAnalysis started. Current nodes count: 499
[2026-09-21T15:31:10.199Z] runPostScanAnalysis started. Current nodes count: 500
[2026-09-21T15:31:10.205Z] runPostScanAnalysis started. Current nodes count: 503
[2026-09-21T15:31:10.211Z] runPostScanAnalysis started. Current nodes count: 504
[2026-09-21T15:31:10.217Z] runPostScanAnalysis started. Current nodes count: 505
[2026-09-21T15:31:10.222Z] runPostScanAnalysis started. Current nodes count: 507
[2026-09-21T15:31:10.228Z] runPostScanAnalysis started. Current nodes count: 509
[2026-09-21T15:31:10.233Z] runPostScanAnalysis started. Current nodes count: 510
[2026-09-21T15:31:10.239Z] runPostScanAnalysis started. Current nodes count: 512
[2026-09-21T15:31:10.244Z] runPostScanAnalysis started. Current nodes count: 513
[2026-09-21T15:31:10.251Z] runPostScanAnalysis started. Current nodes count: 514
[2026-09-21T15:31:10.256Z] runPostScanAnalysis started. Current nodes count: 516
[2026-09-21T15:31:10.264Z] runPostScanAnalysis started. Current nodes count: 519
[2026-09-21T15:31:10.271Z] runPostScanAnalysis started. Current nodes count: 524
[2026-09-21T15:31:10.303Z] runPostScanAnalysis started. Current nodes count: 534
[2026-09-21T15:31:10.312Z] runPostScanAnalysis started. Current nodes count: 535
[2026-09-21T15:31:10.319Z] runPostScanAnalysis started. Current nodes count: 536
[2026-09-21T15:31:10.338Z] runPostScanAnalysis started. Current nodes count: 541
[2026-09-21T15:31:10.347Z] runPostScanAnalysis started. Current nodes count: 544
[2026-09-21T15:31:10.360Z] runPostScanAnalysis started. Current nodes count: 555
[2026-09-21T15:31:10.369Z] runPostScanAnalysis started. Current nodes count: 562
[2026-09-21T15:31:10.379Z] runPostScanAnalysis started. Current nodes count: 566
[2026-09-21T15:31:10.387Z] runPostScanAnalysis started. Current nodes count: 568
[2026-09-21T15:31:10.395Z] runPostScanAnalysis started. Current nodes count: 571
[2026-09-21T15:31:10.403Z] runPostScanAnalysis started. Current nodes count: 575
[2026-09-21T15:31:10.412Z] runPostScanAnalysis started. Current nodes count: 578
[2026-09-21T15:31:10.422Z] runPostScanAnalysis started. Current nodes count: 581
[2026-09-21T15:31:10.430Z] runPostScanAnalysis started. Current nodes count: 588
[2026-09-21T15:31:10.439Z] runPostScanAnalysis started. Current nodes count: 589
[2026-09-21T15:31:10.448Z] runPostScanAnalysis started. Current nodes count: 590
[2026-09-21T15:31:10.455Z] runPostScanAnalysis started. Current nodes count: 591
[2026-09-21T15:31:10.463Z] runPostScanAnalysis started. Current nodes count: 592
[2026-09-21T15:31:10.471Z] runPostScanAnalysis started. Current nodes count: 593
[2026-09-21T15:31:10.478Z] runPostScanAnalysis started. Current nodes count: 594
[2026-09-21T15:31:10.486Z] runPostScanAnalysis started. Current nodes count: 595
[2026-09-21T15:31:10.494Z] runPostScanAnalysis started. Current nodes count: 596
[2026-09-21T15:31:10.503Z] runPostScanAnalysis started. Current nodes count: 597
[2026-09-21T15:31:10.511Z] runPostScanAnalysis started. Current nodes count: 598
[2026-09-21T15:31:10.519Z] runPostScanAnalysis started. Current nodes count: 599
[2026-09-21T15:31:10.528Z] runPostScanAnalysis started. Current nodes count: 601
[2026-09-21T15:31:10.537Z] runPostScanAnalysis started. Current nodes count: 602
[2026-09-21T15:31:10.547Z] runPostScanAnalysis started. Current nodes count: 606
[2026-09-21T15:31:10.582Z] No active DependencyGraphPanel webview open.
[2026-09-21T15:31:10.585Z] No active DependencyGraphPanel webview open.
[2026-09-21T15:31:10.588Z] No active DependencyGraphPanel webview open.
[2026-09-21T15:31:10.592Z] No active DependencyGraphPanel webview open.
[2026-09-21T15:31:10.595Z] No active DependencyGraphPanel webview open.
[2026-09-21T15:31:10.598Z] No active DependencyGraphPanel webview open.
[2026-09-21T15:31:10.601Z] No active DependencyGraphPanel webview open.
[2026-09-21T15:31:10.604Z] No active DependencyGraphPanel webview open.
[2026-09-21T15:31:10.607Z] No active DependencyGraphPanel webview open.
[2026-09-21T15:31:10.610Z] No active DependencyGraphPanel webview open.
[2026-09-21T15:31:10.613Z] No active DependencyGraphPanel webview open.
[2026-09-21T15:31:10.616Z] No active DependencyGraphPanel webview open.
[2026-09-21T15:31:10.620Z] No active DependencyGraphPanel webview open.
[2026-09-21T15:31:10.623Z] No active DependencyGraphPanel webview open.
[2026-09-21T15:31:10.627Z] No active DependencyGraphPanel webview open.
[2026-09-21T15:31:10.630Z] No active DependencyGraphPanel webview open.
[2026-09-21T15:31:10.633Z] No active DependencyGraphPanel webview open.
[2026-09-21T15:31:10.636Z] No active DependencyGraphPanel webview open.
[2026-09-21T15:31:10.639Z] No active DependencyGraphPanel webview open.
[2026-09-21T15:31:10.642Z] No active DependencyGraphPanel webview open.
[2026-09-21T15:31:10.645Z] No active DependencyGraphPanel webview open.
[2026-09-21T15:31:10.649Z] No active DependencyGraphPanel webview open.
[2026-09-21T15:31:10.655Z] No active DependencyGraphPanel webview open.
[2026-09-21T15:31:10.658Z] No active DependencyGraphPanel webview open.
[2026-09-21T15:31:10.661Z] No active DependencyGraphPanel webview open.
[2026-09-21T15:31:10.664Z] No active DependencyGraphPanel webview open.
[2026-09-21T15:31:10.668Z] No active DependencyGraphPanel webview open.
[2026-09-21T15:31:10.670Z] No active DependencyGraphPanel webview open.
[2026-09-21T15:31:10.674Z] No active DependencyGraphPanel webview open.
[2026-09-21T15:31:10.677Z] No active DependencyGraphPanel webview open.
[2026-09-21T15:31:10.680Z] No active DependencyGraphPanel webview open.
[2026-09-21T15:31:10.683Z] No active DependencyGraphPanel webview open.
[2026-09-21T15:31:10.686Z] No active DependencyGraphPanel webview open.
[2026-09-21T15:31:10.690Z] No active DependencyGraphPanel webview open.
[2026-09-21T15:31:10.693Z] No active DependencyGraphPanel webview open.
[2026-09-21T15:31:10.696Z] No active DependencyGraphPanel webview open.
[2026-09-21T15:31:10.699Z] No active DependencyGraphPanel webview open.
[2026-09-21T15:31:10.702Z] No active DependencyGraphPanel webview open.
[2026-09-21T15:31:10.705Z] No active DependencyGraphPanel webview open.
[2026-09-21T15:31:10.708Z] No active DependencyGraphPanel webview open.
[2026-09-21T15:31:10.711Z] No active DependencyGraphPanel webview open.
[2026-09-21T15:31:10.717Z] No active DependencyGraphPanel webview open.
[2026-09-21T15:31:10.720Z] No active DependencyGraphPanel webview open.
[2026-09-21T15:31:10.723Z] No active DependencyGraphPanel webview open.
[2026-09-21T15:31:10.727Z] No active DependencyGraphPanel webview open.
[2026-09-21T15:31:10.730Z] No active DependencyGraphPanel webview open.
[2026-09-21T15:31:10.734Z] No active DependencyGraphPanel webview open.
[2026-09-21T15:31:10.737Z] No active DependencyGraphPanel webview open.
[2026-09-21T15:31:10.741Z] No active DependencyGraphPanel webview open.
[2026-09-21T15:31:10.744Z] No active DependencyGraphPanel webview open.
[2026-09-21T15:31:10.747Z] No active DependencyGraphPanel webview open.
[2026-09-21T15:31:10.756Z] runPostScanAnalysis started. Current nodes count: 606
[2026-09-21T15:31:10.760Z] No active DependencyGraphPanel webview open.
[2026-09-21T15:31:10.764Z] No active DependencyGraphPanel webview open.
[2026-09-21T15:31:10.767Z] No active DependencyGraphPanel webview open.
[2026-09-21T15:31:10.812Z] No active DependencyGraphPanel webview open.
[2026-09-21T15:31:10.816Z] No active DependencyGraphPanel webview open.
[2026-09-21T15:31:10.820Z] No active DependencyGraphPanel webview open.
[2026-09-21T15:31:10.823Z] No active DependencyGraphPanel webview open.
[2026-09-21T15:31:10.826Z] No active DependencyGraphPanel webview open.
[2026-09-21T15:31:10.835Z] No active DependencyGraphPanel webview open.
[2026-09-21T15:31:10.838Z] No active DependencyGraphPanel webview open.
[2026-09-21T15:31:10.842Z] No active DependencyGraphPanel webview open.
[2026-09-21T15:31:10.845Z] No active DependencyGraphPanel webview open.
[2026-09-21T15:31:10.849Z] No active DependencyGraphPanel webview open.
[2026-09-21T15:31:10.852Z] No active DependencyGraphPanel webview open.
[2026-09-21T15:31:10.855Z] No active DependencyGraphPanel webview open.
[2026-09-21T15:31:10.858Z] No active DependencyGraphPanel webview open.
[2026-09-21T15:31:10.861Z] No active DependencyGraphPanel webview open.
[2026-09-21T15:31:10.865Z] No active DependencyGraphPanel webview open.
[2026-09-21T15:31:10.868Z] No active DependencyGraphPanel webview open.
[2026-09-21T15:31:10.871Z] No active DependencyGraphPanel webview open.
[2026-09-21T15:31:10.875Z] No active DependencyGraphPanel webview open.
[2026-09-21T15:31:10.878Z] No active DependencyGraphPanel webview open.
[2026-09-21T15:31:10.881Z] No active DependencyGraphPanel webview open.
[2026-09-21T15:31:10.891Z] runPostScanAnalysis started. Current nodes count: 607
[2026-09-21T15:31:10.897Z] No active DependencyGraphPanel webview open.
[2026-09-21T15:31:10.905Z] runPostScanAnalysis started. Current nodes count: 607
[2026-09-21T15:31:10.911Z] No active DependencyGraphPanel webview open.
[2026-09-21T15:31:10.915Z] No active DependencyGraphPanel webview open.
[2026-09-21T15:31:10.918Z] No active DependencyGraphPanel webview open.
[2026-09-21T15:31:10.923Z] No active DependencyGraphPanel webview open.
[2026-09-21T15:31:10.929Z] No active DependencyGraphPanel webview open.
[2026-09-21T15:31:10.932Z] No active DependencyGraphPanel webview open.
[2026-09-21T15:31:10.938Z] No active DependencyGraphPanel webview open.
[2026-09-21T15:31:10.942Z] No active DependencyGraphPanel webview open.
[2026-09-21T15:31:10.945Z] No active DependencyGraphPanel webview open.
[2026-09-21T15:31:10.949Z] No active DependencyGraphPanel webview open.
[2026-09-21T15:31:10.952Z] No active DependencyGraphPanel webview open.
[2026-09-21T15:31:10.956Z] No active DependencyGraphPanel webview open.
[2026-09-21T15:31:10.959Z] No active DependencyGraphPanel webview open.
[2026-09-21T15:31:10.962Z] No active DependencyGraphPanel webview open.
[2026-09-21T15:31:10.966Z] No active DependencyGraphPanel webview open.
[2026-09-21T15:31:10.970Z] No active DependencyGraphPanel webview open.
[2026-09-21T15:31:10.973Z] No active DependencyGraphPanel webview open.
[2026-09-21T15:31:10.976Z] No active DependencyGraphPanel webview open.
[2026-09-21T15:31:10.979Z] No active DependencyGraphPanel webview open.
[2026-09-21T15:31:10.982Z] No active DependencyGraphPanel webview open.
[2026-09-21T15:31:10.985Z] No active DependencyGraphPanel webview open.
[2026-09-21T15:31:10.988Z] No active DependencyGraphPanel webview open.
[2026-09-21T15:31:10.992Z] No active DependencyGraphPanel webview open.
[2026-09-21T15:31:10.998Z] No active DependencyGraphPanel webview open.
[2026-09-21T15:31:11.001Z] No active DependencyGraphPanel webview open.
[2026-09-21T15:31:11.005Z] No active DependencyGraphPanel webview open.
[2026-09-21T15:31:11.008Z] No active DependencyGraphPanel webview open.
[2026-09-21T15:31:11.011Z] No active DependencyGraphPanel webview open.
[2026-09-21T15:31:11.014Z] No active DependencyGraphPanel webview open.
[2026-09-21T15:31:11.017Z] No active DependencyGraphPanel webview open.
[2026-09-21T15:31:11.020Z] No active DependencyGraphPanel webview open.
[2026-09-21T15:31:11.023Z] No active DependencyGraphPanel webview open.
[2026-09-21T15:31:11.026Z] No active DependencyGraphPanel webview open.
[2026-09-21T15:31:11.029Z] No active DependencyGraphPanel webview open.
[2026-09-21T15:31:11.032Z] No active DependencyGraphPanel webview open.
[2026-09-21T15:31:11.035Z] No active DependencyGraphPanel webview open.
[2026-09-21T15:31:11.039Z] No active DependencyGraphPanel webview open.
[2026-09-21T15:31:11.042Z] No active DependencyGraphPanel webview open.
[2026-09-21T15:31:11.045Z] No active DependencyGraphPanel webview open.
[2026-09-21T15:31:11.049Z] No active DependencyGraphPanel webview open.
[2026-09-21T15:31:11.052Z] No active DependencyGraphPanel webview open.
[2026-09-21T15:31:11.055Z] No active DependencyGraphPanel webview open.
[2026-09-21T15:31:11.058Z] No active DependencyGraphPanel webview open.
[2026-09-21T15:31:11.063Z] No active DependencyGraphPanel webview open.
[2026-09-21T15:31:11.066Z] No active DependencyGraphPanel webview open.
[2026-09-21T15:31:11.069Z] No active DependencyGraphPanel webview open.
[2026-09-21T15:31:11.072Z] No active DependencyGraphPanel webview open.
[2026-09-21T15:31:11.076Z] No active DependencyGraphPanel webview open.
[2026-09-21T15:31:11.078Z] No active DependencyGraphPanel webview open.
[2026-09-21T15:31:11.082Z] No active DependencyGraphPanel webview open.
[2026-09-21T15:31:11.085Z] No active DependencyGraphPanel webview open.
[2026-09-21T15:31:11.088Z] No active DependencyGraphPanel webview open.
[2026-09-21T15:31:11.091Z] No active DependencyGraphPanel webview open.
[2026-09-21T15:31:11.095Z] No active DependencyGraphPanel webview open.
[2026-09-21T15:31:11.098Z] No active DependencyGraphPanel webview open.
[2026-09-21T15:31:11.101Z] No active DependencyGraphPanel webview open.
[2026-09-21T15:31:11.105Z] No active DependencyGraphPanel webview open.
[2026-09-21T15:31:11.108Z] No active DependencyGraphPanel webview open.
[2026-09-21T15:31:11.111Z] No active DependencyGraphPanel webview open.
[2026-09-21T15:31:11.114Z] No active DependencyGraphPanel webview open.
[2026-09-21T15:31:11.117Z] No active DependencyGraphPanel webview open.
[2026-09-21T15:31:11.120Z] No active DependencyGraphPanel webview open.
[2026-09-21T15:31:11.123Z] No active DependencyGraphPanel webview open.
[2026-09-21T15:31:11.129Z] No active DependencyGraphPanel webview open.
[2026-09-21T15:31:11.132Z] No active DependencyGraphPanel webview open.
[2026-09-21T15:31:11.136Z] No active DependencyGraphPanel webview open.
[2026-09-21T15:31:11.139Z] No active DependencyGraphPanel webview open.
[2026-09-21T15:31:11.142Z] No active DependencyGraphPanel webview open.
[2026-09-21T15:31:11.146Z] No active DependencyGraphPanel webview open.
[2026-09-21T15:31:11.149Z] No active DependencyGraphPanel webview open.
[2026-09-21T15:31:11.152Z] No active DependencyGraphPanel webview open.
[2026-09-21T15:31:11.156Z] No active DependencyGraphPanel webview open.
[2026-09-21T15:31:11.159Z] No active DependencyGraphPanel webview open.
[2026-09-21T15:31:11.162Z] No active DependencyGraphPanel webview open.
[2026-09-21T15:31:11.165Z] No active DependencyGraphPanel webview open.
[2026-09-21T15:31:11.168Z] No active DependencyGraphPanel webview open.
[2026-09-21T15:31:11.171Z] No active DependencyGraphPanel webview open.
[2026-09-21T15:31:11.175Z] No active DependencyGraphPanel webview open.
[2026-09-21T15:31:11.178Z] No active DependencyGraphPanel webview open.
[2026-09-21T15:31:11.181Z] No active DependencyGraphPanel webview open.
[2026-09-21T15:31:11.184Z] No active DependencyGraphPanel webview open.
[2026-09-21T15:31:11.188Z] No active DependencyGraphPanel webview open.
[2026-09-21T15:31:11.191Z] No active DependencyGraphPanel webview open.
[2026-09-21T15:31:11.197Z] No active DependencyGraphPanel webview open.
[2026-09-21T15:31:11.200Z] No active DependencyGraphPanel webview open.
[2026-09-21T15:31:11.203Z] No active DependencyGraphPanel webview open.
[2026-09-21T15:31:11.206Z] No active DependencyGraphPanel webview open.
[2026-09-21T15:31:11.209Z] No active DependencyGraphPanel webview open.
[2026-09-21T15:31:11.213Z] No active DependencyGraphPanel webview open.
[2026-09-21T15:31:11.216Z] No active DependencyGraphPanel webview open.
[2026-09-21T15:31:11.220Z] No active DependencyGraphPanel webview open.
[2026-09-21T15:31:11.223Z] No active DependencyGraphPanel webview open.
[2026-09-21T15:31:11.227Z] No active DependencyGraphPanel webview open.
[2026-09-21T15:31:11.230Z] No active DependencyGraphPanel webview open.
[2026-09-21T15:31:11.232Z] No active DependencyGraphPanel webview open.
[2026-09-21T15:31:11.235Z] No active DependencyGraphPanel webview open.
[2026-09-21T15:31:11.239Z] No active DependencyGraphPanel webview open.
[2026-09-21T15:31:11.242Z] No active DependencyGraphPanel webview open.
[2026-09-21T15:31:11.245Z] No active DependencyGraphPanel webview open.
[2026-09-21T15:31:11.249Z] No active DependencyGraphPanel webview open.
[2026-09-21T15:31:11.252Z] No active DependencyGraphPanel webview open.
[2026-09-21T15:31:11.255Z] No active DependencyGraphPanel webview open.
[2026-09-21T15:31:11.258Z] No active DependencyGraphPanel webview open.
[2026-09-21T15:31:11.264Z] No active DependencyGraphPanel webview open.
[2026-09-21T15:31:11.267Z] No active DependencyGraphPanel webview open.
[2026-09-21T15:31:11.270Z] No active DependencyGraphPanel webview open.
[2026-09-21T15:31:11.273Z] No active DependencyGraphPanel webview open.
[2026-09-21T15:31:11.276Z] No active DependencyGraphPanel webview open.
[2026-09-21T15:31:11.279Z] No active DependencyGraphPanel webview open.
[2026-09-21T15:31:11.282Z] No active DependencyGraphPanel webview open.
[2026-09-21T15:31:11.285Z] No active DependencyGraphPanel webview open.
[2026-09-21T15:31:11.288Z] No active DependencyGraphPanel webview open.
[2026-09-21T15:31:11.299Z] runPostScanAnalysis started. Current nodes count: 607
[2026-09-21T15:31:11.310Z] runPostScanAnalysis started. Current nodes count: 607
[2026-09-21T15:31:11.315Z] No active DependencyGraphPanel webview open.
[2026-09-21T15:31:11.327Z] runPostScanAnalysis started. Current nodes count: 607
[2026-09-21T15:31:11.331Z] No active DependencyGraphPanel webview open.
[2026-09-21T15:31:11.335Z] No active DependencyGraphPanel webview open.
[2026-09-21T15:31:11.338Z] No active DependencyGraphPanel webview open.
[2026-09-21T15:31:11.341Z] No active DependencyGraphPanel webview open.
[2026-09-21T15:31:11.344Z] No active DependencyGraphPanel webview open.
[2026-09-21T15:31:11.347Z] No active DependencyGraphPanel webview open.
[2026-09-21T15:31:11.350Z] No active DependencyGraphPanel webview open.
[2026-09-21T15:31:11.354Z] No active DependencyGraphPanel webview open.
[2026-09-21T15:31:11.363Z] runPostScanAnalysis started. Current nodes count: 607
[2026-09-21T15:31:11.368Z] No active DependencyGraphPanel webview open.
[2026-09-21T15:31:11.375Z] No active DependencyGraphPanel webview open.
[2026-09-21T15:31:11.379Z] No active DependencyGraphPanel webview open.
[2026-09-21T15:31:11.382Z] No active DependencyGraphPanel webview open.
[2026-09-21T15:31:11.386Z] No active DependencyGraphPanel webview open.
[2026-09-21T15:31:11.389Z] No active DependencyGraphPanel webview open.
[2026-09-21T15:31:11.393Z] No active DependencyGraphPanel webview open.
[2026-09-21T15:31:11.396Z] No active DependencyGraphPanel webview open.
[2026-09-21T15:31:11.399Z] No active DependencyGraphPanel webview open.
[2026-09-21T15:31:11.403Z] No active DependencyGraphPanel webview open.
[2026-09-21T15:31:11.406Z] No active DependencyGraphPanel webview open.
[2026-09-21T15:31:11.410Z] No active DependencyGraphPanel webview open.
[2026-09-21T15:31:11.413Z] No active DependencyGraphPanel webview open.
[2026-09-21T15:31:11.417Z] No active DependencyGraphPanel webview open.
[2026-09-21T15:31:11.421Z] No active DependencyGraphPanel webview open.
[2026-09-21T15:31:11.425Z] No active DependencyGraphPanel webview open.
[2026-09-21T15:31:11.430Z] No active DependencyGraphPanel webview open.
[2026-09-21T15:31:11.440Z] runPostScanAnalysis started. Current nodes count: 607
[2026-09-21T15:31:11.452Z] runPostScanAnalysis started. Current nodes count: 607
[2026-09-21T15:31:11.458Z] No active DependencyGraphPanel webview open.
[2026-09-21T15:31:11.468Z] runPostScanAnalysis started. Current nodes count: 607
[2026-09-21T15:31:11.479Z] runPostScanAnalysis started. Current nodes count: 607
[2026-09-21T15:31:11.485Z] No active DependencyGraphPanel webview open.
[2026-09-21T15:31:11.490Z] No active DependencyGraphPanel webview open.
[2026-09-21T15:31:11.494Z] No active DependencyGraphPanel webview open.
[2026-09-21T15:31:11.498Z] No active DependencyGraphPanel webview open.
[2026-09-21T15:31:11.508Z] runPostScanAnalysis started. Current nodes count: 607
[2026-09-21T15:31:11.514Z] No active DependencyGraphPanel webview open.
[2026-09-21T15:31:11.525Z] runPostScanAnalysis started. Current nodes count: 607
[2026-09-21T15:31:11.530Z] No active DependencyGraphPanel webview open.
[2026-09-21T15:31:11.535Z] No active DependencyGraphPanel webview open.
[2026-09-21T15:31:11.539Z] No active DependencyGraphPanel webview open.
[2026-09-21T15:31:11.543Z] No active DependencyGraphPanel webview open.
[2026-09-21T15:31:11.547Z] No active DependencyGraphPanel webview open.
[2026-09-21T15:31:11.552Z] No active DependencyGraphPanel webview open.
[2026-09-21T15:31:11.556Z] No active DependencyGraphPanel webview open.
[2026-09-21T15:31:11.559Z] No active DependencyGraphPanel webview open.
[2026-09-21T15:31:11.563Z] No active DependencyGraphPanel webview open.
[2026-09-21T15:31:11.570Z] No active DependencyGraphPanel webview open.
[2026-09-21T15:31:11.574Z] No active DependencyGraphPanel webview open.
[2026-09-21T15:31:11.578Z] No active DependencyGraphPanel webview open.
[2026-09-21T15:31:11.582Z] No active DependencyGraphPanel webview open.
[2026-09-21T15:31:11.586Z] No active DependencyGraphPanel webview open.
[2026-09-21T15:31:11.590Z] No active DependencyGraphPanel webview open.
[2026-09-21T15:31:11.594Z] No active DependencyGraphPanel webview open.
[2026-09-21T15:31:11.599Z] No active DependencyGraphPanel webview open.
[2026-09-21T15:31:11.721Z] No active DependencyGraphPanel webview open.
[2026-09-21T15:31:11.725Z] No active DependencyGraphPanel webview open.
[2026-09-21T15:31:11.729Z] No active DependencyGraphPanel webview open.
[2026-09-21T15:31:11.739Z] runPostScanAnalysis started. Current nodes count: 607
[2026-09-21T15:31:11.745Z] No active DependencyGraphPanel webview open.
[2026-09-21T15:31:11.748Z] No active DependencyGraphPanel webview open.
[2026-09-21T15:31:11.752Z] No active DependencyGraphPanel webview open.
[2026-09-21T15:31:11.761Z] runPostScanAnalysis started. Current nodes count: 607
[2026-09-21T15:31:11.771Z] runPostScanAnalysis started. Current nodes count: 607
[2026-09-21T15:31:11.781Z] runPostScanAnalysis started. Current nodes count: 607
[2026-09-21T15:31:11.786Z] No active DependencyGraphPanel webview open.
[2026-09-21T15:31:11.795Z] runPostScanAnalysis started. Current nodes count: 607
[2026-09-21T15:31:11.800Z] No active DependencyGraphPanel webview open.
[2026-09-21T15:31:11.803Z] No active DependencyGraphPanel webview open.
[2026-09-21T15:31:11.812Z] runPostScanAnalysis started. Current nodes count: 607
[2026-09-21T15:31:11.817Z] No active DependencyGraphPanel webview open.
[2026-09-21T15:31:11.821Z] No active DependencyGraphPanel webview open.
[2026-09-21T15:31:11.824Z] No active DependencyGraphPanel webview open.
[2026-09-21T15:31:11.827Z] No active DependencyGraphPanel webview open.
[2026-09-21T15:31:12.555Z] No active DependencyGraphPanel webview open.
[2026-09-21T15:31:12.559Z] No active DependencyGraphPanel webview open.
[2026-09-21T15:31:12.562Z] No active DependencyGraphPanel webview open.
[2026-09-21T15:31:12.566Z] No active DependencyGraphPanel webview open.
[2026-09-21T15:31:12.578Z] runPostScanAnalysis started. Current nodes count: 607
[2026-09-21T15:31:12.583Z] No active DependencyGraphPanel webview open.
[2026-09-21T15:31:12.593Z] runPostScanAnalysis started. Current nodes count: 607
[2026-09-21T15:31:12.598Z] No active DependencyGraphPanel webview open.
[2026-09-21T15:31:12.607Z] runPostScanAnalysis started. Current nodes count: 607
[2026-09-21T15:31:13.110Z] runPostScanAnalysis started. Current nodes count: 607
[2026-09-21T15:31:13.120Z] runPostScanAnalysis started. Current nodes count: 607
[2026-09-21T15:31:13.130Z] runPostScanAnalysis started. Current nodes count: 607
[2026-09-21T15:31:13.140Z] runPostScanAnalysis started. Current nodes count: 607
[2026-09-21T15:31:13.149Z] runPostScanAnalysis started. Current nodes count: 607
[2026-09-21T15:31:13.160Z] runPostScanAnalysis started. Current nodes count: 607
[2026-09-21T15:31:13.170Z] runPostScanAnalysis started. Current nodes count: 607
[2026-09-21T15:31:13.179Z] runPostScanAnalysis started. Current nodes count: 607
[2026-09-21T15:31:13.190Z] runPostScanAnalysis started. Current nodes count: 607
[2026-09-21T15:31:13.202Z] runPostScanAnalysis started. Current nodes count: 607
[2026-09-21T15:31:13.212Z] runPostScanAnalysis started. Current nodes count: 607
[2026-09-21T15:31:13.221Z] runPostScanAnalysis started. Current nodes count: 607
[2026-09-21T15:31:13.231Z] runPostScanAnalysis started. Current nodes count: 607
[2026-09-21T15:31:13.240Z] runPostScanAnalysis started. Current nodes count: 607
[2026-09-21T15:31:13.250Z] runPostScanAnalysis started. Current nodes count: 607
[2026-09-21T15:31:13.264Z] runPostScanAnalysis started. Current nodes count: 607
[2026-09-21T15:31:13.270Z] No active DependencyGraphPanel webview open.
[2026-09-21T15:31:13.280Z] runPostScanAnalysis started. Current nodes count: 607
[2026-09-21T15:31:13.285Z] No active DependencyGraphPanel webview open.
[2026-09-21T15:31:13.294Z] runPostScanAnalysis started. Current nodes count: 607
[2026-09-21T15:31:13.304Z] runPostScanAnalysis started. Current nodes count: 607
[2026-09-21T15:31:13.314Z] runPostScanAnalysis started. Current nodes count: 607
[2026-09-21T15:31:13.318Z] No active DependencyGraphPanel webview open.
[2026-09-21T15:31:13.327Z] runPostScanAnalysis started. Current nodes count: 607
[2026-09-21T15:31:13.437Z] runPostScanAnalysis started. Current nodes count: 607
[2026-09-21T15:31:13.446Z] runPostScanAnalysis started. Current nodes count: 607
[2026-09-21T15:31:13.455Z] runPostScanAnalysis started. Current nodes count: 607
[2026-09-21T15:31:13.466Z] runPostScanAnalysis started. Current nodes count: 607
[2026-09-21T15:31:13.476Z] runPostScanAnalysis started. Current nodes count: 607
[2026-09-21T15:31:13.485Z] runPostScanAnalysis started. Current nodes count: 607
[2026-09-21T15:31:13.494Z] runPostScanAnalysis started. Current nodes count: 607
[2026-09-21T15:31:13.504Z] runPostScanAnalysis started. Current nodes count: 607
[2026-09-21T15:31:13.514Z] runPostScanAnalysis started. Current nodes count: 607
[2026-09-21T15:31:13.525Z] runPostScanAnalysis started. Current nodes count: 607
[2026-09-21T15:31:13.535Z] runPostScanAnalysis started. Current nodes count: 607
[2026-09-21T15:31:13.546Z] runPostScanAnalysis started. Current nodes count: 607
[2026-09-21T15:31:13.558Z] runPostScanAnalysis started. Current nodes count: 607
[2026-09-21T15:31:13.570Z] runPostScanAnalysis started. Current nodes count: 607
[2026-09-21T15:31:13.580Z] runPostScanAnalysis started. Current nodes count: 607
[2026-09-21T15:31:13.589Z] runPostScanAnalysis started. Current nodes count: 607
[2026-09-21T15:31:13.594Z] No active DependencyGraphPanel webview open.
[2026-09-21T15:31:13.603Z] runPostScanAnalysis started. Current nodes count: 607
[2026-09-21T15:31:13.607Z] No active DependencyGraphPanel webview open.
[2026-09-21T15:31:13.613Z] No active DependencyGraphPanel webview open.
[2026-09-21T15:31:13.616Z] No active DependencyGraphPanel webview open.
[2026-09-21T15:31:13.620Z] No active DependencyGraphPanel webview open.
[2026-09-21T15:31:13.623Z] No active DependencyGraphPanel webview open.
[2026-09-21T15:31:13.626Z] No active DependencyGraphPanel webview open.
[2026-09-21T15:31:13.629Z] No active DependencyGraphPanel webview open.
[2026-09-21T15:31:13.632Z] No active DependencyGraphPanel webview open.
[2026-09-21T15:31:13.635Z] No active DependencyGraphPanel webview open.
[2026-09-21T15:31:13.639Z] No active DependencyGraphPanel webview open.
[2026-09-21T15:31:13.642Z] No active DependencyGraphPanel webview open.
[2026-09-21T15:31:13.645Z] No active DependencyGraphPanel webview open.
[2026-09-21T15:31:13.648Z] No active DependencyGraphPanel webview open.
[2026-09-21T15:31:13.651Z] No active DependencyGraphPanel webview open.
[2026-09-21T15:31:13.672Z] runPostScanAnalysis started. Current nodes count: 607
[2026-09-21T15:31:13.682Z] runPostScanAnalysis started. Current nodes count: 607
[2026-09-21T15:31:13.694Z] runPostScanAnalysis started. Current nodes count: 607
[2026-09-21T15:31:13.705Z] runPostScanAnalysis started. Current nodes count: 607
[2026-09-21T15:31:13.715Z] runPostScanAnalysis started. Current nodes count: 607
[2026-09-21T15:31:13.726Z] runPostScanAnalysis started. Current nodes count: 607
[2026-09-21T15:31:13.735Z] runPostScanAnalysis started. Current nodes count: 607
[2026-09-21T15:31:13.746Z] runPostScanAnalysis started. Current nodes count: 607
[2026-09-21T15:31:13.756Z] runPostScanAnalysis started. Current nodes count: 607
[2026-09-21T15:31:13.766Z] runPostScanAnalysis started. Current nodes count: 607
[2026-09-21T15:31:13.776Z] runPostScanAnalysis started. Current nodes count: 607
[2026-09-21T15:31:13.781Z] No active DependencyGraphPanel webview open.
[2026-09-21T15:31:13.790Z] runPostScanAnalysis started. Current nodes count: 607
[2026-09-21T15:31:13.796Z] No active DependencyGraphPanel webview open.
[2026-09-21T15:31:13.806Z] runPostScanAnalysis started. Current nodes count: 607
[2026-09-21T15:31:13.816Z] runPostScanAnalysis started. Current nodes count: 607
[2026-09-21T15:31:13.842Z] runPostScanAnalysis started. Current nodes count: 607
[2026-09-21T15:31:13.868Z] runPostScanAnalysis started. Current nodes count: 607
[2026-09-21T15:31:13.885Z] runPostScanAnalysis started. Current nodes count: 607
[2026-09-21T15:31:13.891Z] No active DependencyGraphPanel webview open.
[2026-09-21T15:31:13.894Z] No active DependencyGraphPanel webview open.
[2026-09-21T15:31:13.912Z] No active DependencyGraphPanel webview open.
[2026-09-21T15:31:13.921Z] runPostScanAnalysis started. Current nodes count: 607
[2026-09-21T15:31:13.933Z] runPostScanAnalysis started. Current nodes count: 607
[2026-09-21T15:31:13.938Z] No active DependencyGraphPanel webview open.
[2026-09-21T15:31:13.948Z] runPostScanAnalysis started. Current nodes count: 607
[2026-09-21T15:31:13.960Z] runPostScanAnalysis started. Current nodes count: 607
[2026-09-21T15:31:13.969Z] No active DependencyGraphPanel webview open.
[2026-09-21T15:31:13.973Z] No active DependencyGraphPanel webview open.
[2026-09-21T15:31:13.976Z] No active DependencyGraphPanel webview open.
[2026-09-21T15:31:13.979Z] No active DependencyGraphPanel webview open.
[2026-09-21T15:31:13.982Z] No active DependencyGraphPanel webview open.
[2026-09-21T15:31:13.985Z] No active DependencyGraphPanel webview open.
[2026-09-21T15:31:13.988Z] No active DependencyGraphPanel webview open.
[2026-09-21T15:31:13.991Z] No active DependencyGraphPanel webview open.
[2026-09-21T15:31:13.994Z] No active DependencyGraphPanel webview open.
[2026-09-21T15:31:13.998Z] No active DependencyGraphPanel webview open.
[2026-09-21T15:31:14.001Z] No active DependencyGraphPanel webview open.
[2026-09-21T15:31:14.004Z] No active DependencyGraphPanel webview open.
[2026-09-21T15:31:14.007Z] No active DependencyGraphPanel webview open.
[2026-09-21T15:31:14.011Z] No active DependencyGraphPanel webview open.
[2026-09-21T15:31:14.014Z] No active DependencyGraphPanel webview open.
[2026-09-21T15:31:14.017Z] No active DependencyGraphPanel webview open.
[2026-09-21T15:31:14.020Z] No active DependencyGraphPanel webview open.
[2026-09-21T15:31:14.177Z] No active DependencyGraphPanel webview open.
[2026-09-21T15:31:14.180Z] No active DependencyGraphPanel webview open.
[2026-09-21T15:31:14.186Z] No active DependencyGraphPanel webview open.
[2026-09-21T15:31:14.189Z] No active DependencyGraphPanel webview open.
[2026-09-21T15:31:14.192Z] No active DependencyGraphPanel webview open.
[2026-09-21T15:31:14.195Z] No active DependencyGraphPanel webview open.
[2026-09-21T15:31:14.198Z] No active DependencyGraphPanel webview open.
[2026-09-21T15:31:14.201Z] No active DependencyGraphPanel webview open.
[2026-09-21T15:31:14.205Z] No active DependencyGraphPanel webview open.
[2026-09-21T15:31:14.208Z] No active DependencyGraphPanel webview open.
[2026-09-21T15:31:14.211Z] No active DependencyGraphPanel webview open.
[2026-09-21T15:31:14.214Z] No active DependencyGraphPanel webview open.
[2026-09-21T15:31:14.218Z] No active DependencyGraphPanel webview open.
[2026-09-21T15:31:14.222Z] No active DependencyGraphPanel webview open.
[2026-09-21T15:31:14.225Z] No active DependencyGraphPanel webview open.
[2026-09-21T15:31:14.228Z] No active DependencyGraphPanel webview open.
[2026-09-21T15:31:14.231Z] No active DependencyGraphPanel webview open.
[2026-09-21T15:31:14.234Z] No active DependencyGraphPanel webview open.
[2026-09-21T15:31:14.237Z] No active DependencyGraphPanel webview open.
[2026-09-21T15:31:14.241Z] No active DependencyGraphPanel webview open.
[2026-09-21T15:31:14.244Z] No active DependencyGraphPanel webview open.
[2026-09-21T15:31:14.634Z] runPostScanAnalysis started. Current nodes count: 609
[2026-09-21T15:31:14.817Z] runPostScanAnalysis started. Current nodes count: 609
[2026-09-21T15:31:14.836Z] runPostScanAnalysis started. Current nodes count: 609
[2026-09-21T15:31:14.854Z] runPostScanAnalysis started. Current nodes count: 609
[2026-09-21T15:31:14.871Z] runPostScanAnalysis started. Current nodes count: 609
[2026-09-21T15:31:14.898Z] runPostScanAnalysis started. Current nodes count: 609
[2026-09-21T15:31:14.915Z] runPostScanAnalysis started. Current nodes count: 609
[2026-09-21T15:31:14.934Z] runPostScanAnalysis started. Current nodes count: 609
[2026-09-21T15:31:14.951Z] runPostScanAnalysis started. Current nodes count: 609
[2026-09-21T15:31:14.967Z] runPostScanAnalysis started. Current nodes count: 609
[2026-09-21T15:31:14.984Z] runPostScanAnalysis started. Current nodes count: 609
[2026-09-21T15:31:14.999Z] runPostScanAnalysis started. Current nodes count: 609
[2026-09-21T15:31:15.006Z] No active DependencyGraphPanel webview open.
[2026-09-21T15:31:15.022Z] runPostScanAnalysis started. Current nodes count: 609
[2026-09-21T15:31:15.213Z] runPostScanAnalysis started. Current nodes count: 609
[2026-09-21T15:31:15.230Z] runPostScanAnalysis started. Current nodes count: 609
[2026-09-21T15:31:15.247Z] runPostScanAnalysis started. Current nodes count: 609
[2026-09-21T15:31:15.263Z] runPostScanAnalysis started. Current nodes count: 609
[2026-09-21T15:31:15.279Z] runPostScanAnalysis started. Current nodes count: 609
[2026-09-21T15:31:15.284Z] No active DependencyGraphPanel webview open.
[2026-09-21T15:31:15.288Z] No active DependencyGraphPanel webview open.
[2026-09-21T15:31:15.291Z] No active DependencyGraphPanel webview open.
[2026-09-21T15:31:15.294Z] No active DependencyGraphPanel webview open.
[2026-09-21T15:31:15.298Z] No active DependencyGraphPanel webview open.
[2026-09-21T15:31:15.301Z] No active DependencyGraphPanel webview open.
[2026-09-21T15:31:15.305Z] No active DependencyGraphPanel webview open.
[2026-09-21T15:31:15.308Z] No active DependencyGraphPanel webview open.
[2026-09-21T15:31:15.312Z] No active DependencyGraphPanel webview open.
[2026-09-21T15:31:15.316Z] No active DependencyGraphPanel webview open.
[2026-09-21T15:31:15.319Z] No active DependencyGraphPanel webview open.
[2026-09-21T15:31:15.345Z] runPostScanAnalysis started. Current nodes count: 609
[2026-09-21T15:31:15.363Z] runPostScanAnalysis started. Current nodes count: 611
[2026-09-21T15:31:15.380Z] runPostScanAnalysis started. Current nodes count: 611
[2026-09-21T15:31:15.394Z] runPostScanAnalysis started. Current nodes count: 611
[2026-09-21T15:31:15.408Z] runPostScanAnalysis started. Current nodes count: 611
[2026-09-21T15:31:15.423Z] runPostScanAnalysis started. Current nodes count: 611
[2026-09-21T15:31:15.438Z] runPostScanAnalysis started. Current nodes count: 611
[2026-09-21T15:31:15.452Z] runPostScanAnalysis started. Current nodes count: 611
[2026-09-21T15:31:15.466Z] runPostScanAnalysis started. Current nodes count: 611
[2026-09-21T15:31:15.498Z] runPostScanAnalysis started. Current nodes count: 611
[2026-09-21T15:31:15.512Z] runPostScanAnalysis started. Current nodes count: 611
[2026-09-21T15:31:15.545Z] runPostScanAnalysis started. Current nodes count: 611
[2026-09-21T15:31:15.561Z] runPostScanAnalysis started. Current nodes count: 611
[2026-09-21T15:31:15.582Z] runPostScanAnalysis started. Current nodes count: 611
[2026-09-21T15:31:15.595Z] runPostScanAnalysis started. Current nodes count: 611
[2026-09-21T15:31:15.622Z] runPostScanAnalysis started. Current nodes count: 611
[2026-09-21T15:31:15.630Z] No active DependencyGraphPanel webview open.
[2026-09-21T15:31:15.643Z] runPostScanAnalysis started. Current nodes count: 611
[2026-09-21T15:31:15.810Z] No active DependencyGraphPanel webview open.
[2026-09-21T15:31:15.814Z] No active DependencyGraphPanel webview open.
[2026-09-21T15:31:15.818Z] No active DependencyGraphPanel webview open.
[2026-09-21T15:31:15.821Z] No active DependencyGraphPanel webview open.
[2026-09-21T15:31:15.824Z] No active DependencyGraphPanel webview open.
[2026-09-21T15:31:15.828Z] No active DependencyGraphPanel webview open.
[2026-09-21T15:31:15.858Z] runPostScanAnalysis started. Current nodes count: 611
[2026-09-21T15:31:15.868Z] No active DependencyGraphPanel webview open.
[2026-09-21T15:31:15.872Z] No active DependencyGraphPanel webview open.
[2026-09-21T15:31:15.875Z] No active DependencyGraphPanel webview open.
[2026-09-21T15:31:15.879Z] No active DependencyGraphPanel webview open.
[2026-09-21T15:31:15.882Z] No active DependencyGraphPanel webview open.
[2026-09-21T15:31:15.885Z] No active DependencyGraphPanel webview open.
[2026-09-21T15:31:15.899Z] runPostScanAnalysis started. Current nodes count: 611
[2026-09-21T15:31:15.904Z] No active DependencyGraphPanel webview open.
[2026-09-21T15:31:15.908Z] No active DependencyGraphPanel webview open.
[2026-09-21T15:31:15.911Z] No active DependencyGraphPanel webview open.
[2026-09-21T15:31:15.914Z] No active DependencyGraphPanel webview open.
[2026-09-21T15:31:15.917Z] No active DependencyGraphPanel webview open.
[2026-09-21T15:31:15.921Z] No active DependencyGraphPanel webview open.
[2026-09-21T15:31:15.924Z] No active DependencyGraphPanel webview open.
[2026-09-21T15:31:15.928Z] No active DependencyGraphPanel webview open.
[2026-09-21T15:31:15.931Z] No active DependencyGraphPanel webview open.
[2026-09-21T15:31:15.934Z] No active DependencyGraphPanel webview open.
[2026-09-21T15:31:16.037Z] runPostScanAnalysis started. Current nodes count: 611
[2026-09-21T15:31:16.043Z] No active DependencyGraphPanel webview open.
[2026-09-21T15:31:16.057Z] runPostScanAnalysis started. Current nodes count: 611
[2026-09-21T15:31:16.063Z] No active DependencyGraphPanel webview open.
[2026-09-21T15:31:16.215Z] No active DependencyGraphPanel webview open.
[2026-09-21T15:31:16.219Z] No active DependencyGraphPanel webview open.
[2026-09-21T15:31:16.237Z] runPostScanAnalysis started. Current nodes count: 611
[2026-09-21T15:31:16.256Z] runPostScanAnalysis started. Current nodes count: 611
[2026-09-21T15:31:16.293Z] runPostScanAnalysis started. Current nodes count: 611
[2026-09-21T15:31:16.311Z] runPostScanAnalysis started. Current nodes count: 611
[2026-09-21T15:31:16.328Z] runPostScanAnalysis started. Current nodes count: 611
[2026-09-21T15:31:16.345Z] runPostScanAnalysis started. Current nodes count: 611
[2026-09-21T15:31:16.364Z] runPostScanAnalysis started. Current nodes count: 611
[2026-09-21T15:31:16.379Z] runPostScanAnalysis started. Current nodes count: 611
[2026-09-21T15:31:16.398Z] runPostScanAnalysis started. Current nodes count: 611
[2026-09-21T15:31:16.403Z] No active DependencyGraphPanel webview open.
[2026-09-21T15:31:16.407Z] No active DependencyGraphPanel webview open.
[2026-09-21T15:31:16.422Z] runPostScanAnalysis started. Current nodes count: 611
[2026-09-21T15:31:16.437Z] runPostScanAnalysis started. Current nodes count: 611
[2026-09-21T15:31:16.455Z] runPostScanAnalysis started. Current nodes count: 611
[2026-09-21T15:31:16.469Z] runPostScanAnalysis started. Current nodes count: 611
[2026-09-21T15:31:16.475Z] No active DependencyGraphPanel webview open.
[2026-09-21T15:31:16.498Z] runPostScanAnalysis started. Current nodes count: 611
[2026-09-21T15:31:16.504Z] No active DependencyGraphPanel webview open.
[2026-09-21T15:31:16.508Z] No active DependencyGraphPanel webview open.
[2026-09-21T15:31:16.512Z] No active DependencyGraphPanel webview open.
[2026-09-21T15:31:16.516Z] No active DependencyGraphPanel webview open.
[2026-09-21T15:31:16.519Z] No active DependencyGraphPanel webview open.
[2026-09-21T15:31:16.523Z] No active DependencyGraphPanel webview open.
[2026-09-21T15:31:16.540Z] runPostScanAnalysis started. Current nodes count: 611
[2026-09-21T15:31:16.555Z] runPostScanAnalysis started. Current nodes count: 611
[2026-09-21T15:31:16.570Z] runPostScanAnalysis started. Current nodes count: 611
[2026-09-21T15:31:16.603Z] runPostScanAnalysis started. Current nodes count: 611
[2026-09-21T15:31:16.623Z] runPostScanAnalysis started. Current nodes count: 611
[2026-09-21T15:31:16.640Z] runPostScanAnalysis started. Current nodes count: 611
[2026-09-21T15:31:16.655Z] runPostScanAnalysis started. Current nodes count: 611
[2026-09-21T15:31:16.849Z] No active DependencyGraphPanel webview open.
[2026-09-21T15:31:16.857Z] No active DependencyGraphPanel webview open.
[2026-09-21T15:31:16.865Z] No active DependencyGraphPanel webview open.
[2026-09-21T15:31:16.893Z] No active DependencyGraphPanel webview open.
[2026-09-21T15:31:16.966Z] No active DependencyGraphPanel webview open.
[2026-09-21T15:31:17.028Z] No active DependencyGraphPanel webview open.
[2026-09-21T15:31:17.055Z] No active DependencyGraphPanel webview open.
[2026-09-21T15:31:17.065Z] No active DependencyGraphPanel webview open.
[2026-09-21T15:31:17.071Z] No active DependencyGraphPanel webview open.
[2026-09-21T15:31:17.078Z] No active DependencyGraphPanel webview open.
[2026-09-21T15:31:17.084Z] No active DependencyGraphPanel webview open.
[2026-09-21T15:31:17.096Z] No active DependencyGraphPanel webview open.
[2026-09-21T15:31:17.252Z] runPostScanAnalysis started. Current nodes count: 611
[2026-09-21T15:31:17.272Z] runPostScanAnalysis started. Current nodes count: 611
[2026-09-21T15:31:17.288Z] runPostScanAnalysis started. Current nodes count: 611
[2026-09-21T15:31:17.304Z] runPostScanAnalysis started. Current nodes count: 611
[2026-09-21T15:31:17.321Z] runPostScanAnalysis started. Current nodes count: 611
[2026-09-21T15:31:17.339Z] runPostScanAnalysis started. Current nodes count: 611
[2026-09-21T15:31:17.355Z] No active DependencyGraphPanel webview open.
[2026-09-21T15:31:17.371Z] runPostScanAnalysis started. Current nodes count: 611
[2026-09-21T15:31:17.386Z] runPostScanAnalysis started. Current nodes count: 611
[2026-09-21T15:31:17.401Z] runPostScanAnalysis started. Current nodes count: 611
[2026-09-21T15:31:17.415Z] runPostScanAnalysis started. Current nodes count: 611
[2026-09-21T15:31:17.421Z] No active DependencyGraphPanel webview open.
[2026-09-21T15:31:17.425Z] No active DependencyGraphPanel webview open.
[2026-09-21T15:31:17.428Z] No active DependencyGraphPanel webview open.
[2026-09-21T15:31:17.431Z] No active DependencyGraphPanel webview open.
[2026-09-21T15:31:17.435Z] No active DependencyGraphPanel webview open.
[2026-09-21T15:31:17.449Z] runPostScanAnalysis started. Current nodes count: 611
[2026-09-21T15:31:17.467Z] runPostScanAnalysis started. Current nodes count: 611
[2026-09-21T15:31:17.503Z] runPostScanAnalysis started. Current nodes count: 611
[2026-09-21T15:31:17.519Z] runPostScanAnalysis started. Current nodes count: 611
[2026-09-21T15:31:17.534Z] runPostScanAnalysis started. Current nodes count: 611
[2026-09-21T15:31:17.558Z] runPostScanAnalysis started. Current nodes count: 611
[2026-09-21T15:31:17.571Z] No active DependencyGraphPanel webview open.
[2026-09-21T15:31:17.574Z] No active DependencyGraphPanel webview open.
[2026-09-21T15:31:17.578Z] No active DependencyGraphPanel webview open.
[2026-09-21T15:31:17.581Z] No active DependencyGraphPanel webview open.
[2026-09-21T15:31:17.624Z] No active DependencyGraphPanel webview open.
[2026-09-21T15:31:17.628Z] No active DependencyGraphPanel webview open.
[2026-09-21T15:31:17.632Z] No active DependencyGraphPanel webview open.
[2026-09-21T15:31:17.635Z] No active DependencyGraphPanel webview open.
[2026-09-21T15:31:17.638Z] No active DependencyGraphPanel webview open.
[2026-09-21T15:31:17.642Z] No active DependencyGraphPanel webview open.
[2026-09-21T15:31:17.768Z] runPostScanAnalysis started. Current nodes count: 611
[2026-09-21T15:31:17.785Z] runPostScanAnalysis started. Current nodes count: 611
[2026-09-21T15:31:17.802Z] runPostScanAnalysis started. Current nodes count: 611
[2026-09-21T15:31:17.820Z] runPostScanAnalysis started. Current nodes count: 611
[2026-09-21T15:31:17.835Z] runPostScanAnalysis started. Current nodes count: 611
[2026-09-21T15:31:17.850Z] runPostScanAnalysis started. Current nodes count: 611
[2026-09-21T15:31:17.867Z] runPostScanAnalysis started. Current nodes count: 611
[2026-09-21T15:31:17.873Z] No active DependencyGraphPanel webview open.
[2026-09-21T15:31:17.877Z] No active DependencyGraphPanel webview open.
[2026-09-21T15:31:17.881Z] No active DependencyGraphPanel webview open.
[2026-09-21T15:31:17.895Z] runPostScanAnalysis started. Current nodes count: 611
[2026-09-21T15:31:17.912Z] runPostScanAnalysis started. Current nodes count: 611
[2026-09-21T15:31:17.934Z] runPostScanAnalysis started. Current nodes count: 611
[2026-09-21T15:31:17.950Z] runPostScanAnalysis started. Current nodes count: 611
[2026-09-21T15:31:17.957Z] No active DependencyGraphPanel webview open.
[2026-09-21T15:31:17.961Z] No active DependencyGraphPanel webview open.
[2026-09-21T15:31:17.964Z] No active DependencyGraphPanel webview open.
[2026-09-21T15:31:17.968Z] No active DependencyGraphPanel webview open.
[2026-09-21T15:31:17.984Z] runPostScanAnalysis started. Current nodes count: 611
[2026-09-21T15:31:17.993Z] No active DependencyGraphPanel webview open.
[2026-09-21T15:31:18.007Z] runPostScanAnalysis started. Current nodes count: 611
[2026-09-21T15:31:18.013Z] No active DependencyGraphPanel webview open.
[2026-09-21T15:31:18.017Z] No active DependencyGraphPanel webview open.
[2026-09-21T15:31:18.020Z] No active DependencyGraphPanel webview open.
[2026-09-21T15:31:18.045Z] No active DependencyGraphPanel webview open.
[2026-09-21T15:31:18.048Z] No active DependencyGraphPanel webview open.
[2026-09-21T15:31:18.134Z] runPostScanAnalysis started. Current nodes count: 611
[2026-09-21T15:31:18.151Z] runPostScanAnalysis started. Current nodes count: 611
[2026-09-21T15:31:18.170Z] runPostScanAnalysis started. Current nodes count: 611
[2026-09-21T15:31:18.186Z] runPostScanAnalysis started. Current nodes count: 611
[2026-09-21T15:31:18.204Z] runPostScanAnalysis started. Current nodes count: 611
[2026-09-21T15:31:18.219Z] runPostScanAnalysis started. Current nodes count: 611
[2026-09-21T15:31:18.233Z] runPostScanAnalysis started. Current nodes count: 611
[2026-09-21T15:31:18.240Z] No active DependencyGraphPanel webview open.
[2026-09-21T15:31:18.243Z] No active DependencyGraphPanel webview open.
[2026-09-21T15:31:18.271Z] runPostScanAnalysis started. Current nodes count: 611
[2026-09-21T15:31:18.286Z] runPostScanAnalysis started. Current nodes count: 611
[2026-09-21T15:31:18.291Z] No active DependencyGraphPanel webview open.
[2026-09-21T15:31:18.306Z] runPostScanAnalysis started. Current nodes count: 611
[2026-09-21T15:31:18.323Z] runPostScanAnalysis started. Current nodes count: 611
[2026-09-21T15:31:18.339Z] runPostScanAnalysis started. Current nodes count: 611
[2026-09-21T15:31:18.345Z] No active DependencyGraphPanel webview open.
[2026-09-21T15:31:18.348Z] No active DependencyGraphPanel webview open.
[2026-09-21T15:31:18.352Z] No active DependencyGraphPanel webview open.
[2026-09-21T15:31:18.355Z] No active DependencyGraphPanel webview open.
[2026-09-21T15:31:18.369Z] runPostScanAnalysis started. Current nodes count: 611
[2026-09-21T15:31:18.384Z] runPostScanAnalysis started. Current nodes count: 611
[2026-09-21T15:31:18.389Z] No active DependencyGraphPanel webview open.
[2026-09-21T15:31:18.392Z] No active DependencyGraphPanel webview open.
[2026-09-21T15:31:18.396Z] No active DependencyGraphPanel webview open.
[2026-09-21T15:31:18.399Z] No active DependencyGraphPanel webview open.
[2026-09-21T15:31:18.402Z] No active DependencyGraphPanel webview open.
[2026-09-21T15:31:18.427Z] No active DependencyGraphPanel webview open.
[2026-09-21T15:31:18.430Z] No active DependencyGraphPanel webview open.
[2026-09-21T15:31:18.520Z] runPostScanAnalysis started. Current nodes count: 611
[2026-09-21T15:31:18.537Z] runPostScanAnalysis started. Current nodes count: 611
[2026-09-21T15:31:18.561Z] runPostScanAnalysis started. Current nodes count: 611
[2026-09-21T15:31:18.576Z] runPostScanAnalysis started. Current nodes count: 611
[2026-09-21T15:31:18.591Z] runPostScanAnalysis started. Current nodes count: 611
[2026-09-21T15:31:18.606Z] runPostScanAnalysis started. Current nodes count: 611
[2026-09-21T15:31:18.613Z] No active DependencyGraphPanel webview open.
[2026-09-21T15:31:18.616Z] No active DependencyGraphPanel webview open.
[2026-09-21T15:31:18.620Z] No active DependencyGraphPanel webview open.
[2026-09-21T15:31:18.623Z] No active DependencyGraphPanel webview open.
[2026-09-21T15:31:18.626Z] No active DependencyGraphPanel webview open.
[2026-09-21T15:31:18.630Z] No active DependencyGraphPanel webview open.
[2026-09-21T15:31:18.685Z] runPostScanAnalysis started. Current nodes count: 611
[2026-09-21T15:31:18.701Z] runPostScanAnalysis started. Current nodes count: 611
[2026-09-21T15:31:18.720Z] runPostScanAnalysis started. Current nodes count: 611
[2026-09-21T15:31:18.735Z] runPostScanAnalysis started. Current nodes count: 611
[2026-09-21T15:31:18.749Z] runPostScanAnalysis started. Current nodes count: 611
[2026-09-21T15:31:18.756Z] No active DependencyGraphPanel webview open.
[2026-09-21T15:31:18.759Z] No active DependencyGraphPanel webview open.
[2026-09-21T15:31:18.763Z] No active DependencyGraphPanel webview open.
[2026-09-21T15:31:18.766Z] No active DependencyGraphPanel webview open.
[2026-09-21T15:31:18.769Z] No active DependencyGraphPanel webview open.
[2026-09-21T15:31:18.816Z] runPostScanAnalysis started. Current nodes count: 611
[2026-09-21T15:31:18.823Z] No active DependencyGraphPanel webview open.
[2026-09-21T15:31:18.850Z] runPostScanAnalysis started. Current nodes count: 611
[2026-09-21T15:31:18.865Z] runPostScanAnalysis started. Current nodes count: 611
[2026-09-21T15:31:18.881Z] runPostScanAnalysis started. Current nodes count: 611
[2026-09-21T15:31:18.887Z] No active DependencyGraphPanel webview open.
[2026-09-21T15:31:18.890Z] No active DependencyGraphPanel webview open.
[2026-09-21T15:31:18.893Z] No active DependencyGraphPanel webview open.
[2026-09-21T15:31:18.926Z] runPostScanAnalysis started. Current nodes count: 611
[2026-09-21T15:31:18.933Z] No active DependencyGraphPanel webview open.
[2026-09-21T15:31:18.954Z] runPostScanAnalysis started. Current nodes count: 611
[2026-09-21T15:31:18.960Z] No active DependencyGraphPanel webview open.
[2026-09-21T15:31:18.980Z] runPostScanAnalysis started. Current nodes count: 611
[2026-09-21T15:31:18.985Z] No active DependencyGraphPanel webview open.
[2026-09-21T15:31:19.006Z] runPostScanAnalysis started. Current nodes count: 611
[2026-09-21T15:31:19.011Z] No active DependencyGraphPanel webview open.
[2026-09-21T15:31:19.030Z] runPostScanAnalysis started. Current nodes count: 611
[2026-09-21T15:31:19.045Z] runPostScanAnalysis started. Current nodes count: 611
[2026-09-21T15:31:19.051Z] No active DependencyGraphPanel webview open.
[2026-09-21T15:31:19.055Z] No active DependencyGraphPanel webview open.
[2026-09-21T15:31:19.083Z] runPostScanAnalysis started. Current nodes count: 611
[2026-09-21T15:31:19.088Z] No active DependencyGraphPanel webview open.
[2026-09-21T15:32:24.473Z] runPostScanAnalysis started. Current nodes count: 612
[2026-09-21T15:32:24.484Z] No active DependencyGraphPanel webview open.
[2026-09-21T15:32:51.787Z] runPostScanAnalysis started. Current nodes count: 613
[2026-09-21T15:32:51.797Z] No active DependencyGraphPanel webview open.
[2026-09-21T15:33:17.500Z] runPostScanAnalysis started. Current nodes count: 614
[2026-09-21T15:33:17.510Z] No active DependencyGraphPanel webview open.
[2026-09-21T15:33:35.578Z] runPostScanAnalysis started. Current nodes count: 615
[2026-09-21T15:33:35.589Z] No active DependencyGraphPanel webview open.
[2026-09-21T15:33:48.906Z] runPostScanAnalysis started. Current nodes count: 615
[2026-09-21T15:33:48.915Z] No active DependencyGraphPanel webview open.
[2026-09-21T15:33:53.328Z] runPostScanAnalysis started. Current nodes count: 615
[2026-09-21T15:33:53.337Z] No active DependencyGraphPanel webview open.
[2026-09-21T15:34:02.060Z] runPostScanAnalysis started. Current nodes count: 615
[2026-09-21T15:34:02.069Z] No active DependencyGraphPanel webview open.
[2026-09-21T15:34:07.500Z] runPostScanAnalysis started. Current nodes count: 615
[2026-09-21T15:34:07.508Z] No active DependencyGraphPanel webview open.
[2026-09-21T15:34:13.261Z] runPostScanAnalysis started. Current nodes count: 615
[2026-09-21T15:34:13.268Z] No active DependencyGraphPanel webview open.
[2026-09-21T15:34:17.522Z] runPostScanAnalysis started. Current nodes count: 615
[2026-09-21T15:34:17.530Z] No active DependencyGraphPanel webview open.
[2026-09-21T15:34:31.712Z] runPostScanAnalysis started. Current nodes count: 616
[2026-09-21T15:34:31.726Z] No active DependencyGraphPanel webview open.
[2026-09-21T15:34:54.465Z] runPostScanAnalysis started. Current nodes count: 617
[2026-09-21T15:34:54.476Z] No active DependencyGraphPanel webview open.
[2026-09-21T15:35:11.959Z] runPostScanAnalysis started. Current nodes count: 617
[2026-09-21T15:35:11.979Z] runPostScanAnalysis started. Current nodes count: 617
[2026-09-21T15:35:11.987Z] No active DependencyGraphPanel webview open.
[2026-09-21T15:35:11.992Z] No active DependencyGraphPanel webview open.
[2026-09-21T15:35:12.020Z] runPostScanAnalysis started. Current nodes count: 617
[2026-09-21T15:35:12.037Z] runPostScanAnalysis started. Current nodes count: 617
[2026-09-21T15:35:12.046Z] No active DependencyGraphPanel webview open.
[2026-09-21T15:35:12.050Z] No active DependencyGraphPanel webview open.
[2026-09-21T15:35:12.086Z] runPostScanAnalysis started. Current nodes count: 617
[2026-09-21T15:35:12.099Z] No active DependencyGraphPanel webview open.
[2026-09-21T15:35:12.117Z] runPostScanAnalysis started. Current nodes count: 617
[2026-09-21T15:35:12.125Z] No active DependencyGraphPanel webview open.
[2026-09-21T15:35:12.149Z] runPostScanAnalysis started. Current nodes count: 617
[2026-09-21T15:35:12.156Z] No active DependencyGraphPanel webview open.
[2026-09-21T15:35:16.997Z] runPostScanAnalysis started. Current nodes count: 617
[2026-09-21T15:35:17.013Z] runPostScanAnalysis started. Current nodes count: 620
[2026-09-21T15:35:17.028Z] runPostScanAnalysis started. Current nodes count: 624
[2026-09-21T15:35:17.049Z] runPostScanAnalysis started. Current nodes count: 631
[2026-09-21T15:35:17.076Z] runPostScanAnalysis started. Current nodes count: 634
[2026-09-21T15:35:17.093Z] runPostScanAnalysis started. Current nodes count: 635
[2026-09-21T15:35:17.112Z] runPostScanAnalysis started. Current nodes count: 646
[2026-09-21T15:35:17.131Z] runPostScanAnalysis started. Current nodes count: 648
[2026-09-21T15:35:17.150Z] runPostScanAnalysis started. Current nodes count: 652
[2026-09-21T15:35:17.159Z] No active DependencyGraphPanel webview open.
[2026-09-21T15:35:17.177Z] runPostScanAnalysis started. Current nodes count: 652
[2026-09-21T15:35:17.187Z] No active DependencyGraphPanel webview open.
[2026-09-21T15:35:17.204Z] runPostScanAnalysis started. Current nodes count: 652
[2026-09-21T15:35:17.213Z] No active DependencyGraphPanel webview open.
[2026-09-21T15:35:17.232Z] No active DependencyGraphPanel webview open.
[2026-09-21T15:35:17.246Z] runPostScanAnalysis started. Current nodes count: 652
[2026-09-21T15:35:17.253Z] No active DependencyGraphPanel webview open.
[2026-09-21T15:35:17.257Z] No active DependencyGraphPanel webview open.
[2026-09-21T15:35:17.270Z] runPostScanAnalysis started. Current nodes count: 652
[2026-09-21T15:35:17.286Z] runPostScanAnalysis started. Current nodes count: 652
[2026-09-21T15:35:17.301Z] runPostScanAnalysis started. Current nodes count: 652
[2026-09-21T15:35:17.315Z] runPostScanAnalysis started. Current nodes count: 652
[2026-09-21T15:35:17.321Z] No active DependencyGraphPanel webview open.
[2026-09-21T15:35:17.337Z] runPostScanAnalysis started. Current nodes count: 654
[2026-09-21T15:35:17.351Z] runPostScanAnalysis started. Current nodes count: 655
[2026-09-21T15:35:17.357Z] No active DependencyGraphPanel webview open.
[2026-09-21T15:35:17.370Z] runPostScanAnalysis started. Current nodes count: 655
[2026-09-21T15:35:17.375Z] No active DependencyGraphPanel webview open.
[2026-09-21T15:35:17.395Z] runPostScanAnalysis started. Current nodes count: 655
[2026-09-21T15:35:17.402Z] No active DependencyGraphPanel webview open.
[2026-09-21T15:35:17.416Z] runPostScanAnalysis started. Current nodes count: 655
[2026-09-21T15:35:17.422Z] No active DependencyGraphPanel webview open.
[2026-09-21T15:35:17.436Z] runPostScanAnalysis started. Current nodes count: 655
[2026-09-21T15:35:17.451Z] runPostScanAnalysis started. Current nodes count: 655
[2026-09-21T15:35:17.467Z] runPostScanAnalysis started. Current nodes count: 655
[2026-09-21T15:35:17.482Z] runPostScanAnalysis started. Current nodes count: 655
[2026-09-21T15:35:17.498Z] runPostScanAnalysis started. Current nodes count: 655
[2026-09-21T15:35:17.512Z] runPostScanAnalysis started. Current nodes count: 655
[2026-09-21T15:35:17.528Z] runPostScanAnalysis started. Current nodes count: 655
[2026-09-21T15:35:17.533Z] No active DependencyGraphPanel webview open.
[2026-09-21T15:35:17.537Z] No active DependencyGraphPanel webview open.
[2026-09-21T15:35:17.541Z] No active DependencyGraphPanel webview open.
[2026-09-21T15:35:17.555Z] runPostScanAnalysis started. Current nodes count: 655
[2026-09-21T15:35:17.561Z] No active DependencyGraphPanel webview open.
[2026-09-21T15:35:17.565Z] No active DependencyGraphPanel webview open.
[2026-09-21T15:35:17.568Z] No active DependencyGraphPanel webview open.
[2026-09-21T15:35:17.572Z] No active DependencyGraphPanel webview open.
[2026-09-21T15:35:17.588Z] runPostScanAnalysis started. Current nodes count: 655
[2026-09-21T15:35:17.593Z] No active DependencyGraphPanel webview open.
[2026-09-21T15:35:17.655Z] No active DependencyGraphPanel webview open.
[2026-09-21T15:35:17.659Z] No active DependencyGraphPanel webview open.
[2026-09-21T15:35:17.663Z] No active DependencyGraphPanel webview open.
[2026-09-21T15:35:17.666Z] No active DependencyGraphPanel webview open.
[2026-09-21T15:35:17.670Z] No active DependencyGraphPanel webview open.
[2026-09-21T15:35:17.674Z] No active DependencyGraphPanel webview open.
[2026-09-21T15:35:17.678Z] No active DependencyGraphPanel webview open.
[2026-09-21T15:35:17.683Z] No active DependencyGraphPanel webview open.
[2026-09-21T15:35:17.687Z] No active DependencyGraphPanel webview open.
[2026-09-21T15:35:17.701Z] runPostScanAnalysis started. Current nodes count: 655
[2026-09-21T15:35:17.707Z] No active DependencyGraphPanel webview open.
[2026-09-21T15:35:17.721Z] runPostScanAnalysis started. Current nodes count: 655
[2026-09-21T15:35:17.738Z] runPostScanAnalysis started. Current nodes count: 655
[2026-09-21T15:35:17.744Z] No active DependencyGraphPanel webview open.
[2026-09-21T15:35:17.839Z] runPostScanAnalysis started. Current nodes count: 655
[2026-09-21T15:35:17.855Z] runPostScanAnalysis started. Current nodes count: 655
[2026-09-21T15:35:17.861Z] No active DependencyGraphPanel webview open.
[2026-09-21T15:35:17.875Z] runPostScanAnalysis started. Current nodes count: 655
[2026-09-21T15:35:17.881Z] No active DependencyGraphPanel webview open.
[2026-09-21T15:35:17.896Z] runPostScanAnalysis started. Current nodes count: 655
[2026-09-21T15:35:17.902Z] No active DependencyGraphPanel webview open.
[2026-09-21T15:35:17.919Z] runPostScanAnalysis started. Current nodes count: 655
[2026-09-21T15:35:18.046Z] runPostScanAnalysis started. Current nodes count: 655
[2026-09-21T15:35:18.070Z] No active DependencyGraphPanel webview open.
[2026-09-21T15:35:18.074Z] No active DependencyGraphPanel webview open.
[2026-09-21T15:35:18.078Z] No active DependencyGraphPanel webview open.
[2026-09-21T15:35:18.082Z] No active DependencyGraphPanel webview open.
[2026-09-21T15:35:18.086Z] No active DependencyGraphPanel webview open.
[2026-09-21T15:35:18.118Z] No active DependencyGraphPanel webview open.
[2026-09-21T15:35:18.136Z] runPostScanAnalysis started. Current nodes count: 656
[2026-09-21T15:35:18.155Z] runPostScanAnalysis started. Current nodes count: 657
[2026-09-21T15:35:18.174Z] runPostScanAnalysis started. Current nodes count: 658
[2026-09-21T15:35:18.191Z] runPostScanAnalysis started. Current nodes count: 659
[2026-09-21T15:35:18.210Z] runPostScanAnalysis started. Current nodes count: 660
[2026-09-21T15:35:18.229Z] runPostScanAnalysis started. Current nodes count: 661
[2026-09-21T15:35:18.244Z] runPostScanAnalysis started. Current nodes count: 662
[2026-09-21T15:35:18.259Z] runPostScanAnalysis started. Current nodes count: 663
[2026-09-21T15:35:18.267Z] No active DependencyGraphPanel webview open.
[2026-09-21T15:35:18.270Z] No active DependencyGraphPanel webview open.
[2026-09-21T15:35:18.275Z] No active DependencyGraphPanel webview open.
[2026-09-21T15:35:18.279Z] No active DependencyGraphPanel webview open.
[2026-09-21T15:35:18.284Z] No active DependencyGraphPanel webview open.
[2026-09-21T15:35:18.288Z] No active DependencyGraphPanel webview open.
[2026-09-21T15:35:18.292Z] No active DependencyGraphPanel webview open.
[2026-09-21T15:35:18.296Z] No active DependencyGraphPanel webview open.
[2026-09-21T15:35:18.407Z] runPostScanAnalysis started. Current nodes count: 664
[2026-09-21T15:35:18.424Z] runPostScanAnalysis started. Current nodes count: 665
[2026-09-21T15:35:18.442Z] runPostScanAnalysis started. Current nodes count: 666
[2026-09-21T15:35:18.460Z] runPostScanAnalysis started. Current nodes count: 667
[2026-09-21T15:35:18.475Z] runPostScanAnalysis started. Current nodes count: 668
[2026-09-21T15:35:18.489Z] runPostScanAnalysis started. Current nodes count: 669
[2026-09-21T15:35:18.504Z] runPostScanAnalysis started. Current nodes count: 670
[2026-09-21T15:35:18.521Z] runPostScanAnalysis started. Current nodes count: 671
[2026-09-21T15:35:18.536Z] runPostScanAnalysis started. Current nodes count: 672
[2026-09-21T15:35:18.550Z] runPostScanAnalysis started. Current nodes count: 673
[2026-09-21T15:35:18.569Z] runPostScanAnalysis started. Current nodes count: 674
[2026-09-21T15:35:18.584Z] runPostScanAnalysis started. Current nodes count: 675
[2026-09-21T15:35:18.598Z] runPostScanAnalysis started. Current nodes count: 676
[2026-09-21T15:35:18.612Z] runPostScanAnalysis started. Current nodes count: 677
[2026-09-21T15:35:18.626Z] runPostScanAnalysis started. Current nodes count: 678
[2026-09-21T15:35:18.640Z] runPostScanAnalysis started. Current nodes count: 679
[2026-09-21T15:35:18.654Z] runPostScanAnalysis started. Current nodes count: 680
[2026-09-21T15:35:18.669Z] runPostScanAnalysis started. Current nodes count: 681
[2026-09-21T15:35:18.683Z] runPostScanAnalysis started. Current nodes count: 682
[2026-09-21T15:35:18.697Z] runPostScanAnalysis started. Current nodes count: 683
[2026-09-21T15:35:18.711Z] runPostScanAnalysis started. Current nodes count: 684
[2026-09-21T15:35:18.726Z] runPostScanAnalysis started. Current nodes count: 685
[2026-09-21T15:35:18.744Z] runPostScanAnalysis started. Current nodes count: 686
[2026-09-21T15:35:18.761Z] runPostScanAnalysis started. Current nodes count: 687
[2026-09-21T15:35:18.778Z] runPostScanAnalysis started. Current nodes count: 688
[2026-09-21T15:35:18.795Z] runPostScanAnalysis started. Current nodes count: 689
[2026-09-21T15:35:18.812Z] runPostScanAnalysis started. Current nodes count: 690
[2026-09-21T15:35:18.829Z] runPostScanAnalysis started. Current nodes count: 691
[2026-09-21T15:35:18.846Z] runPostScanAnalysis started. Current nodes count: 692
[2026-09-21T15:35:18.873Z] runPostScanAnalysis started. Current nodes count: 693
[2026-09-21T15:35:18.888Z] runPostScanAnalysis started. Current nodes count: 694
[2026-09-21T15:35:18.902Z] runPostScanAnalysis started. Current nodes count: 695
[2026-09-21T15:35:18.918Z] runPostScanAnalysis started. Current nodes count: 696
[2026-09-21T15:35:18.933Z] runPostScanAnalysis started. Current nodes count: 697
[2026-09-21T15:35:18.949Z] runPostScanAnalysis started. Current nodes count: 698
[2026-09-21T15:35:18.964Z] runPostScanAnalysis started. Current nodes count: 699
[2026-09-21T15:35:18.979Z] runPostScanAnalysis started. Current nodes count: 700
[2026-09-21T15:35:18.994Z] runPostScanAnalysis started. Current nodes count: 701
[2026-09-21T15:35:19.010Z] runPostScanAnalysis started. Current nodes count: 702
[2026-09-21T15:35:19.024Z] runPostScanAnalysis started. Current nodes count: 703
[2026-09-21T15:35:19.041Z] runPostScanAnalysis started. Current nodes count: 704
[2026-09-21T15:35:19.056Z] runPostScanAnalysis started. Current nodes count: 705
[2026-09-21T15:35:19.071Z] runPostScanAnalysis started. Current nodes count: 706
[2026-09-21T15:35:19.085Z] runPostScanAnalysis started. Current nodes count: 707
[2026-09-21T15:35:19.100Z] runPostScanAnalysis started. Current nodes count: 708
[2026-09-21T15:35:19.116Z] runPostScanAnalysis started. Current nodes count: 709
[2026-09-21T15:35:19.131Z] runPostScanAnalysis started. Current nodes count: 710
[2026-09-21T15:35:19.145Z] runPostScanAnalysis started. Current nodes count: 711
[2026-09-21T15:35:19.161Z] runPostScanAnalysis started. Current nodes count: 712
[2026-09-21T15:35:19.179Z] runPostScanAnalysis started. Current nodes count: 713
[2026-09-21T15:35:19.196Z] runPostScanAnalysis started. Current nodes count: 714
[2026-09-21T15:35:19.220Z] runPostScanAnalysis started. Current nodes count: 715
[2026-09-21T15:35:19.236Z] runPostScanAnalysis started. Current nodes count: 716
[2026-09-21T15:35:19.252Z] runPostScanAnalysis started. Current nodes count: 717
[2026-09-21T15:35:19.269Z] runPostScanAnalysis started. Current nodes count: 718
[2026-09-21T15:35:19.285Z] runPostScanAnalysis started. Current nodes count: 719
[2026-09-21T15:35:19.302Z] runPostScanAnalysis started. Current nodes count: 720
[2026-09-21T15:35:19.321Z] runPostScanAnalysis started. Current nodes count: 721
[2026-09-21T15:35:19.338Z] runPostScanAnalysis started. Current nodes count: 722
[2026-09-21T15:35:19.355Z] runPostScanAnalysis started. Current nodes count: 723
[2026-09-21T15:35:19.377Z] runPostScanAnalysis started. Current nodes count: 724
[2026-09-21T15:35:19.394Z] runPostScanAnalysis started. Current nodes count: 725
[2026-09-21T15:35:19.410Z] runPostScanAnalysis started. Current nodes count: 726
[2026-09-21T15:35:19.434Z] No active DependencyGraphPanel webview open.
[2026-09-21T15:35:19.439Z] No active DependencyGraphPanel webview open.
[2026-09-21T15:35:19.442Z] No active DependencyGraphPanel webview open.
[2026-09-21T15:35:19.448Z] No active DependencyGraphPanel webview open.
[2026-09-21T15:35:19.451Z] No active DependencyGraphPanel webview open.
[2026-09-21T15:35:19.455Z] No active DependencyGraphPanel webview open.
[2026-09-21T15:35:19.459Z] No active DependencyGraphPanel webview open.
[2026-09-21T15:35:19.464Z] No active DependencyGraphPanel webview open.
[2026-09-21T15:35:19.468Z] No active DependencyGraphPanel webview open.
[2026-09-21T15:35:19.472Z] No active DependencyGraphPanel webview open.
[2026-09-21T15:35:19.476Z] No active DependencyGraphPanel webview open.
[2026-09-21T15:35:19.479Z] No active DependencyGraphPanel webview open.
[2026-09-21T15:35:19.483Z] No active DependencyGraphPanel webview open.
[2026-09-21T15:35:19.487Z] No active DependencyGraphPanel webview open.
[2026-09-21T15:35:19.491Z] No active DependencyGraphPanel webview open.
[2026-09-21T15:35:19.496Z] No active DependencyGraphPanel webview open.
[2026-09-21T15:35:19.500Z] No active DependencyGraphPanel webview open.
[2026-09-21T15:35:19.504Z] No active DependencyGraphPanel webview open.
[2026-09-21T15:35:19.508Z] No active DependencyGraphPanel webview open.
[2026-09-21T15:35:19.512Z] No active DependencyGraphPanel webview open.
[2026-09-21T15:35:19.518Z] No active DependencyGraphPanel webview open.
[2026-09-21T15:35:19.523Z] No active DependencyGraphPanel webview open.
[2026-09-21T15:35:19.528Z] No active DependencyGraphPanel webview open.
[2026-09-21T15:35:19.534Z] No active DependencyGraphPanel webview open.
[2026-09-21T15:35:19.540Z] No active DependencyGraphPanel webview open.
[2026-09-21T15:35:19.544Z] No active DependencyGraphPanel webview open.
[2026-09-21T15:35:19.548Z] No active DependencyGraphPanel webview open.
[2026-09-21T15:35:19.552Z] No active DependencyGraphPanel webview open.
[2026-09-21T15:35:19.556Z] No active DependencyGraphPanel webview open.
[2026-09-21T15:35:19.559Z] No active DependencyGraphPanel webview open.
[2026-09-21T15:35:19.564Z] No active DependencyGraphPanel webview open.
[2026-09-21T15:35:19.568Z] No active DependencyGraphPanel webview open.
[2026-09-21T15:35:19.575Z] No active DependencyGraphPanel webview open.
[2026-09-21T15:35:19.579Z] No active DependencyGraphPanel webview open.
[2026-09-21T15:35:19.584Z] No active DependencyGraphPanel webview open.
[2026-09-21T15:35:19.588Z] No active DependencyGraphPanel webview open.
[2026-09-21T15:35:19.593Z] No active DependencyGraphPanel webview open.
[2026-09-21T15:35:19.597Z] No active DependencyGraphPanel webview open.
[2026-09-21T15:35:19.601Z] No active DependencyGraphPanel webview open.
[2026-09-21T15:35:19.605Z] No active DependencyGraphPanel webview open.
[2026-09-21T15:35:19.609Z] No active DependencyGraphPanel webview open.
[2026-09-21T15:35:19.613Z] No active DependencyGraphPanel webview open.
[2026-09-21T15:35:19.617Z] No active DependencyGraphPanel webview open.
[2026-09-21T15:35:19.621Z] No active DependencyGraphPanel webview open.
[2026-09-21T15:35:19.625Z] No active DependencyGraphPanel webview open.
[2026-09-21T15:35:19.630Z] No active DependencyGraphPanel webview open.
[2026-09-21T15:35:19.634Z] No active DependencyGraphPanel webview open.
[2026-09-21T15:35:19.638Z] No active DependencyGraphPanel webview open.
[2026-09-21T15:35:19.643Z] No active DependencyGraphPanel webview open.
[2026-09-21T15:35:19.647Z] No active DependencyGraphPanel webview open.
[2026-09-21T15:35:19.651Z] No active DependencyGraphPanel webview open.
[2026-09-21T15:35:19.656Z] No active DependencyGraphPanel webview open.
[2026-09-21T15:35:19.661Z] No active DependencyGraphPanel webview open.
[2026-09-21T15:35:19.666Z] No active DependencyGraphPanel webview open.
[2026-09-21T15:35:19.672Z] No active DependencyGraphPanel webview open.
[2026-09-21T15:35:19.677Z] No active DependencyGraphPanel webview open.
[2026-09-21T15:35:19.682Z] No active DependencyGraphPanel webview open.
[2026-09-21T15:35:19.686Z] No active DependencyGraphPanel webview open.
[2026-09-21T15:35:19.696Z] No active DependencyGraphPanel webview open.
[2026-09-21T15:35:19.700Z] No active DependencyGraphPanel webview open.
[2026-09-21T15:35:19.704Z] No active DependencyGraphPanel webview open.
[2026-09-21T15:35:19.708Z] No active DependencyGraphPanel webview open.
[2026-09-21T15:35:19.713Z] No active DependencyGraphPanel webview open.
[2026-09-21T15:35:20.106Z] runPostScanAnalysis started. Current nodes count: 726
[2026-09-21T15:35:20.113Z] No active DependencyGraphPanel webview open.
[2026-09-21T15:35:44.101Z] runPostScanAnalysis started. Current nodes count: 726
[2026-09-21T15:35:44.111Z] No active DependencyGraphPanel webview open.
[2026-09-21T15:35:44.135Z] runPostScanAnalysis started. Current nodes count: 726
[2026-09-21T15:35:44.143Z] No active DependencyGraphPanel webview open.
[2026-09-21T15:36:15.019Z] runPostScanAnalysis started. Current nodes count: 727
[2026-09-21T15:36:15.026Z] No active DependencyGraphPanel webview open.
[2026-09-21T15:36:33.616Z] runPostScanAnalysis started. Current nodes count: 727
[2026-09-21T15:36:33.626Z] No active DependencyGraphPanel webview open.
[2026-09-21T15:36:33.654Z] runPostScanAnalysis started. Current nodes count: 727
[2026-09-21T15:36:33.662Z] No active DependencyGraphPanel webview open.
